-- phpMyAdmin SQL Dump
-- version 5.2.1
-- https://www.phpmyadmin.net/
--
-- Host: 127.0.0.1
-- Waktu pembuatan: 27 Jun 2024 pada 01.09
-- Versi server: 10.4.32-MariaDB
-- Versi PHP: 8.1.25

SET SQL_MODE = "NO_AUTO_VALUE_ON_ZERO";
START TRANSACTION;
SET time_zone = "+00:00";


/*!40101 SET @OLD_CHARACTER_SET_CLIENT=@@CHARACTER_SET_CLIENT */;
/*!40101 SET @OLD_CHARACTER_SET_RESULTS=@@CHARACTER_SET_RESULTS */;
/*!40101 SET @OLD_COLLATION_CONNECTION=@@COLLATION_CONNECTION */;
/*!40101 SET NAMES utf8mb4 */;

--
-- Database: `kasir_pos`
--

-- --------------------------------------------------------

--
-- Struktur dari tabel `barangs`
--

CREATE TABLE `barangs` (
  `id` bigint(20) UNSIGNED NOT NULL,
  `kode` varchar(255) NOT NULL,
  `nama` varchar(255) NOT NULL,
  `kategori_id` varchar(255) NOT NULL,
  `harga_beli` double(8,2) NOT NULL,
  `harga_jual` double(8,2) NOT NULL,
  `satuan_id` varchar(255) NOT NULL,
  `supplier_id` varchar(255) NOT NULL,
  `stok` int(11) NOT NULL,
  `diskon` double(8,2) NOT NULL,
  `created_at` timestamp NULL DEFAULT NULL,
  `updated_at` timestamp NULL DEFAULT NULL
) ENGINE=InnoDB DEFAULT CHARSET=utf8mb4 COLLATE=utf8mb4_unicode_ci;

--
-- Dumping data untuk tabel `barangs`
--

INSERT INTO `barangs` (`id`, `kode`, `nama`, `kategori_id`, `harga_beli`, `harga_jual`, `satuan_id`, `supplier_id`, `stok`, `diskon`, `created_at`, `updated_at`) VALUES
(1, '8999999516802', 'CORNETTO CLASSIC BLK & WHT JR', '1', 4800.00, 6000.00, '1', '1', 6, 0.00, '2024-06-02 13:22:15', '2024-06-02 13:22:15'),
(2, '8999999513757', 'CORNETTO DISC OREO 110 ML', '1', 8000.00, 10000.00, '1', '1', 20, 0.00, '2024-06-02 13:22:15', '2024-06-02 13:22:15'),
(3, '212.001', 'CORNETTO MINI', '1', 2000.00, 2500.00, '1', '1', 12, 0.00, '2024-06-02 13:22:15', '2024-06-26 21:47:04'),
(4, '8999999534271', 'CORNETTO ROYALE UNICORN', '1', 6909.00, 9500.00, '1', '1', 9, 0.00, '2024-06-02 13:22:15', '2024-06-02 13:22:15'),
(5, '8999999539450', 'CORNETTO SILVER QUEEN', '1', 9600.00, 12000.00, '1', '1', 14, 0.00, '2024-06-02 13:22:15', '2024-06-02 13:22:15'),
(6, '8999999540456', 'CORNETTO STRAWBERRY VANILLA 5000', '1', 4800.00, 6000.00, '1', '1', 21, 0.00, '2024-06-02 13:22:15', '2024-06-02 13:22:15'),
(7, '8999999540357', 'FEAST DOUBLE VANILA COKLAT', '1', 5200.00, 6000.00, '1', '1', 22, 0.00, '2024-06-02 13:22:15', '2024-06-26 21:47:04'),
(8, '8999999034610', 'ICE CREAM CORNET DISC GLEE 120 ML', '1', 11000.00, 12000.00, '1', '1', 12, 0.00, '2024-06-02 13:22:15', '2024-06-02 13:22:15'),
(9, '8999999005610', 'MAGNUM ALMOND', '1', 12000.00, 15000.00, '1', '1', 6, 0.00, '2024-06-02 13:22:15', '2024-06-02 13:22:15'),
(10, '8999999005689', 'MAGNUM CLASSIC', '1', 12000.00, 15000.00, '1', '1', 22, 0.00, '2024-06-02 13:22:15', '2024-06-02 13:22:15'),
(11, '8999999524142', 'MAGNUM HAZELNUT LUXE', '1', 12000.09, 14400.00, '1', '1', 18, 0.00, '2024-06-02 13:22:15', '2024-06-02 13:22:15'),
(12, '8999999045555', 'MAGNUM WHITE ALMOND', '1', 12000.00, 15000.00, '1', '1', 18, 0.00, '2024-06-02 13:22:15', '2024-06-02 13:22:15'),
(13, '8999999535513', 'MINIONS BANANA ES CREAM', '1', 4000.00, 5000.00, '1', '1', 28, 0.00, '2024-06-02 13:22:15', '2024-06-02 13:22:15'),
(14, '8999999536442', 'P. POP BABY SHARK', '1', 2400.00, 3000.00, '1', '1', 6, 0.00, '2024-06-02 13:22:15', '2024-06-02 13:22:15'),
(15, '8999999582807', 'PADDLE POP AAJ 60ML', '1', 2416.00, 3000.00, '1', '1', 15, 0.00, '2024-06-02 13:22:15', '2024-06-02 13:22:15'),
(16, '8851932343831', 'PADDLE POP BANANA BOAT RL', '1', 4000.00, 5000.00, '1', '1', 34, 0.00, '2024-06-02 13:22:15', '2024-06-02 13:22:15'),
(17, '8999999536596', 'PADDLE POP CHOCO LAVA SUSU', '1', 2800.00, 3500.00, '1', '1', 6, 0.00, '2024-06-02 13:22:15', '2024-06-02 13:22:15'),
(18, '8999999047191', 'PADDLE POP CHOCO MAGMA RL', '1', 1650.00, 2000.00, '1', '1', 2, 0.00, '2024-06-02 13:22:15', '2024-06-02 13:22:15'),
(19, '8999999559175', 'PADDLE POP DORAEMON', '1', 2400.00, 3000.00, '1', '1', 31, 0.00, '2024-06-02 13:22:15', '2024-06-02 13:22:15'),
(20, '8999999540463', 'PADDLE POP MELON', '1', 2396.00, 3000.00, '1', '1', 7, 0.00, '2024-06-02 13:22:15', '2024-06-02 13:22:15'),
(21, '8999999047207', 'PADDLE POP RAINBOW PWR RL 55 ML', '1', 2800.00, 3500.00, '1', '1', 30, 0.00, '2024-06-02 13:22:15', '2024-06-02 13:22:15'),
(22, '8999999280253', 'PADDLE POP TRICO RL 60 ML', '1', 1650.00, 2000.00, '1', '1', 35, 0.00, '2024-06-02 13:22:15', '2024-06-02 13:22:15'),
(23, '8999999546045', 'PADDLE POP TWISTER FRUITY', '1', 3200.00, 4000.00, '1', '1', 6, 0.00, '2024-06-02 13:22:15', '2024-06-02 13:22:15'),
(24, '8999999560454', 'PADDLE POP TWISTER MERMAID 55ML', '1', 3222.00, 4000.00, '1', '1', 6, 0.00, '2024-06-02 13:22:15', '2024-06-02 13:22:15'),
(25, '8999999525217', 'PADDLE POP TWISTR MARSMALO', '1', 2909.00, 4500.00, '1', '1', 24, 0.00, '2024-06-02 13:22:15', '2024-06-02 13:22:15'),
(26, '8999999282196', 'POPULAIRE CHOCOLATE NEW 90 ML', '1', 4200.00, 5000.00, '1', '1', 33, 0.00, '2024-06-02 13:22:15', '2024-06-02 13:22:15'),
(27, '8999999282202', 'POPULAIRE STRAWBERRY NEW 90 ML', '1', 4050.00, 5000.00, '1', '1', 35, 0.00, '2024-06-02 13:22:15', '2024-06-02 13:22:15'),
(28, '8991102303200', 'WAFER TANGO STRAWBERRY JAM 78GR', '1', 3550.00, 5000.00, '1', '1', 18, 0.00, '2024-06-02 13:22:15', '2024-06-02 13:22:15'),
(29, '8999999294038', 'WALLS FEAST CHOCOLATE', '1', 4200.00, 5000.00, '1', '1', 31, 0.00, '2024-06-02 13:22:15', '2024-06-02 13:22:15'),
(30, '8999999294021', 'WALLS FEAST VANILLA', '1', 4200.00, 5000.00, '1', '1', 35, 0.00, '2024-06-02 13:22:15', '2024-06-02 13:22:15'),
(31, '8999999037635', 'WALLS KACANG HIJAU STICK 38 ML', '1', 2909.00, 4500.00, '1', '1', 14, 0.00, '2024-06-02 13:22:15', '2024-06-02 13:22:15'),
(32, '8999999500627', 'WALLS KACANG MERAH STICK 38 ML', '1', 2909.00, 4500.00, '1', '1', 6, 0.00, '2024-06-02 13:22:15', '2024-06-02 13:22:15'),
(33, '8999999547288', 'WALLS MOCHI MACHA CHOCO', '1', 2400.00, 3000.00, '1', '1', 2, 0.00, '2024-06-02 13:22:15', '2024-06-02 13:22:15'),
(34, '8999999547240', 'WALLS SOLERO FRUIT SEMANGKA', '1', 1700.00, 2000.00, '1', '1', 30, 0.00, '2024-06-02 13:22:15', '2024-06-02 13:22:15'),
(35, '8999999547264', 'WALLS SWEET CORN', '1', 3200.00, 4000.00, '1', '1', 10, 0.00, '2024-06-02 13:22:15', '2024-06-02 13:22:15'),
(36, '8993175547123', 'NABATI BLACK KEJU 2000', '2', 1600.00, 2000.00, '1', '2', 15, 0.00, '2024-06-02 13:22:15', '2024-06-02 13:22:15'),
(37, '8993175551588', 'NABATI CARAMEL BUTTER 2000', '2', 18000.00, 2000.00, '1', '2', 26, 0.00, '2024-06-02 13:22:15', '2024-06-02 13:22:15'),
(38, '8993175550284', 'NABATI CHOCOLATE WAFER', '2', 850.00, 1000.00, '1', '2', 23, 0.00, '2024-06-02 13:22:15', '2024-06-02 13:22:15'),
(39, '8993175537346', 'NABATI COKLAT 5000', '2', 4700.00, 6000.00, '1', '2', 30, 0.00, '2024-06-02 13:22:15', '2024-06-02 13:22:15'),
(40, '8993175554756', 'NABATI JUMBO COCONUT KLAPA', '2', 1666.00, 2000.00, '1', '2', 3, 0.00, '2024-06-02 13:22:15', '2024-06-02 13:22:15'),
(41, '8993175537285', 'NABATI KEJU 5000', '2', 4800.00, 6000.00, '1', '2', 12, 0.00, '2024-06-02 13:22:15', '2024-06-02 13:22:15'),
(42, '8993175546362', 'NABATI SANDWICH 50G', '2', 1700.00, 2000.00, '1', '2', 36, 0.00, '2024-06-02 13:22:15', '2024-06-02 13:22:15'),
(43, '8993175552554', 'NABATI VITAKRIM 46G 2000', '2', 1700.00, 2000.00, '1', '2', 10, 0.00, '2024-06-02 13:22:15', '2024-06-02 13:22:15'),
(44, '8993175548694', 'NABATI VITAKRINA RASPBERRY YOGHURT', '2', 1700.00, 2000.00, '1', '2', 1, 0.00, '2024-06-02 13:22:15', '2024-06-02 13:22:15'),
(45, '8993175550598', 'NABATI WAFER COKLAT KELAPA', '2', 850.00, 1000.00, '1', '2', 26, 0.00, '2024-06-02 13:22:15', '2024-06-02 13:22:15'),
(46, '8990044000116', 'POCKY COKLAT 12G', '2', 2116.40, 3000.00, '1', '2', 6, 0.00, '2024-06-02 13:22:15', '2024-06-02 13:22:15'),
(47, '8990044000123', 'POCKY STRAWBERRY 12G', '2', 2116.40, 3000.00, '1', '2', 25, 0.00, '2024-06-02 13:22:15', '2024-06-02 13:22:15'),
(48, '8996001305249', 'ROMA KELAPA CREAM  VANILA 180G', '2', 7600.00, 9000.00, '1', '2', 9, 0.00, '2024-06-02 13:22:15', '2024-06-02 13:22:15'),
(49, '8996001305058', 'ROMA SANDWICH KRIM KACANG 216G', '2', 7000.00, 8000.00, '1', '2', 17, 0.00, '2024-06-02 13:22:15', '2024-06-02 13:22:15'),
(50, '8886052845286', 'ROSE CHOCOLATE CREAM BISCUITS 210G', '2', 4477.00, 5500.00, '1', '2', 16, 0.00, '2024-06-02 13:22:15', '2024-06-02 13:22:15'),
(51, '8992758110068', 'ROSE CREAM PISANG 210G', '2', 4500.00, 5500.00, '1', '2', 28, 0.00, '2024-06-02 13:22:15', '2024-06-02 13:22:15'),
(52, '8888166606395', 'SALTCHEESE COMBO 20GR', '2', 850.00, 1000.00, '1', '2', 22, 0.00, '2024-06-02 13:22:15', '2024-06-02 13:22:15'),
(53, '8993172960536', 'SIMBA CERIAL BAR RS COKLAT 28G', '2', 1666.67, 2000.00, '1', '2', 19, 0.00, '2024-06-02 13:22:15', '2024-06-02 13:22:15'),
(54, '8991102989442', 'SO TANGO BELGIAN CHOCOLATE', '2', 6190.00, 7500.00, '1', '2', 7, 0.00, '2024-06-02 13:22:15', '2024-06-02 13:22:15'),
(55, '8991102936378', 'TANGO CHOCO JAVAMOCCA 21G', '2', 800.00, 1000.00, '1', '2', 19, 0.00, '2024-06-02 13:22:15', '2024-06-02 13:22:15'),
(56, '8991102965743', 'TANGO CHOCO SERIES JAVA MOCCA', '2', 1680.00, 2000.00, '1', '2', 14, 0.00, '2024-06-02 13:22:15', '2024-06-02 13:22:15'),
(57, '8991102967907', 'TANGO CHOCO SERIES TIRAMISU', '2', 1680.00, 2000.00, '1', '2', 35, 0.00, '2024-06-02 13:22:15', '2024-06-02 13:22:15'),
(58, '8991102989428', 'TANGO CHOCOLATE 24G', '2', 800.00, 1000.00, '1', '2', 32, 0.00, '2024-06-02 13:22:15', '2024-06-02 13:22:15'),
(59, '8991102771177', 'TANGO KLOP SALUTO 19G CHEESE', '2', 800.00, 1000.00, '1', '2', 29, 0.00, '2024-06-02 13:22:15', '2024-06-02 13:22:15'),
(60, '8991102989534', 'TANGO VANILA MILK 24G', '2', 800.00, 1000.00, '1', '2', 23, 0.00, '2024-06-02 13:22:15', '2024-06-02 13:22:15'),
(61, '8991102385176', 'TANGO WAFFLE CRANCHOX 56G', '2', 4000.00, 5000.00, '1', '2', 8, 0.00, '2024-06-02 13:22:15', '2024-06-02 13:22:15'),
(62, '8991102750776', 'CHISZMILL CHEDDAR CHEESE 38G', '2', 1292.73, 1500.00, '1', '2', 17, 0.00, '2024-06-02 13:22:15', '2024-06-02 13:22:15'),
(63, '089686598667', 'CHITATO ASIAN CUISINE SPICY BULGOGI 85G', '3', 9900.00, 10400.00, '1', '2', 5, 0.00, '2024-06-02 13:22:15', '2024-06-02 13:22:15'),
(64, '089686598186', 'CHITATO AYAM BARBEKYU 68 G', '3', 7860.00, 8700.00, '1', '2', 23, 0.00, '2024-06-02 13:22:15', '2024-06-02 13:22:15'),
(65, '089686598179', 'CHITATO AYAM BARBEQUE 35G', '3', 4550.00, 5000.00, '1', '2', 6, 0.00, '2024-06-02 13:22:15', '2024-06-02 13:22:15'),
(66, '089686598414', 'CHITATO AYAM BUMBU 15G', '3', 1700.00, 2000.00, '1', '2', 7, 0.00, '2024-06-02 13:22:15', '2024-06-02 13:22:15'),
(67, '089686598476', 'CHITATO AYAM BUMBU 68G', '3', 8666.00, 10000.00, '1', '2', 35, 0.00, '2024-06-02 13:22:15', '2024-06-02 13:22:15'),
(68, '089686598551', 'CHITATO BEEF RENDANG 55G', '3', 6850.00, 8000.00, '1', '2', 14, 0.00, '2024-06-02 13:22:15', '2024-06-02 13:22:15'),
(69, '089686598261', 'CHITATO COUPLE EDITION CHILLI SOY SAUCE 55G', '3', 6000.00, 6500.00, '1', '2', 22, 0.00, '2024-06-02 13:22:15', '2024-06-02 13:22:15'),
(70, '089686598254', 'CHITATO COUPLE EDITION FRIED TEMPURA 55G', '3', 6000.00, 6500.00, '1', '2', 11, 0.00, '2024-06-02 13:22:15', '2024-06-02 13:22:15'),
(71, '089686598209', 'CHITATO CRUNCHIES 23G', '3', 2800.00, 3000.00, '1', '2', 10, 0.00, '2024-06-02 13:22:15', '2024-06-02 13:22:15'),
(72, '089686598407', 'CHITATO GOLDEN EGG YOLK 55G', '3', 6850.00, 8000.00, '1', '2', 12, 0.00, '2024-06-02 13:22:15', '2024-06-02 13:22:15'),
(73, '089686598933', 'CHITATO KEJU SUPREME 35G', '3', 5300.00, 5500.00, '1', '2', 33, 0.00, '2024-06-02 13:22:15', '2024-06-02 13:22:15'),
(74, '089686598957', 'CHITATO KEJU SUPREME 68G', '3', 9300.00, 9500.00, '1', '2', 27, 0.00, '2024-06-02 13:22:15', '2024-06-02 13:22:15'),
(75, '089686598742', 'CHITATO KRIPZ KENTANG SAPI PANGGANG 10 G', '3', 750.00, 1000.00, '1', '2', 7, 0.00, '2024-06-02 13:22:15', '2024-06-02 13:22:15'),
(76, '089686732030', 'CHITATO LITE 68G', '3', 9000.00, 10000.00, '1', '2', 10, 0.00, '2024-06-02 13:22:15', '2024-06-02 13:22:15'),
(77, '089686732009', 'CHITATO LITE RUMPUT LAUT 14GR', '3', 1700.00, 2000.00, '1', '2', 30, 0.00, '2024-06-02 13:22:15', '2024-06-02 13:22:15'),
(78, '089686732054', 'CHITATO LITE RUMPUT LAUT 168', '3', 19000.00, 21000.00, '1', '2', 26, 0.00, '2024-06-02 13:22:15', '2024-06-02 13:22:15'),
(79, '089686732016', 'CHITATO LITE TUMPUT LAUT 35G', '3', 4600.00, 6000.00, '1', '2', 18, 0.00, '2024-06-02 13:22:15', '2024-06-02 13:22:15'),
(80, '089686598322', 'CHITATO ORIGINAL 35G', '3', 4550.00, 5500.00, '1', '2', 33, 0.00, '2024-06-02 13:22:15', '2024-06-02 13:22:15'),
(81, '089686598353', 'CHITATO ORIGINAL 68G', '3', 7860.00, 8700.00, '1', '2', 8, 0.00, '2024-06-02 13:22:15', '2024-06-02 13:22:15'),
(82, '089686598612', 'CHITATO ORIGINAL EDITION 55G', '3', 6850.00, 8500.00, '1', '2', 11, 0.00, '2024-06-02 13:22:15', '2024-06-02 13:22:15'),
(83, '089686598421', 'CHITATO RASA AYAM BUMBU 35 GR', '3', 4550.00, 5000.00, '1', '2', 27, 0.00, '2024-06-02 13:22:15', '2024-06-02 13:22:15'),
(84, '089686598308', 'CHITATO RASA INDOMIE GORENG KORNET', '3', 6850.00, 8000.00, '1', '2', 20, 0.00, '2024-06-02 13:22:15', '2024-06-02 13:22:15'),
(85, '089686598292', 'CHITATO RASA KERAK TELOR 55G', '3', 6850.00, 7500.00, '1', '2', 16, 0.00, '2024-06-02 13:22:15', '2024-06-02 13:22:15'),
(86, '089686598537', 'CHITATO RASA MANGO STICKY RICE 55G', '3', 6850.00, 8200.00, '1', '2', 26, 0.00, '2024-06-02 13:22:15', '2024-06-02 13:22:15'),
(87, '089686598025', 'CHITATO RASA SAPI PANGGANG 35 GR', '3', 4666.00, 6000.00, '1', '2', 33, 0.00, '2024-06-02 13:22:15', '2024-06-02 13:22:15'),
(88, '089686598056', 'CHITATO RASA SAPI PANGGANG 68 GR', '3', 8300.00, 9500.00, '1', '2', 16, 0.00, '2024-06-02 13:22:15', '2024-06-02 13:22:15'),
(89, '089686598582', 'CHITATO SAPI BUMBU BAKAR 35G', '3', 4550.00, 5000.00, '1', '2', 28, 0.00, '2024-06-02 13:22:15', '2024-06-02 13:22:15'),
(90, '089686598599', 'CHITATO SAPI BUMBU BAKAR 68G', '3', 7860.00, 8400.00, '1', '2', 17, 0.00, '2024-06-02 13:22:15', '2024-06-02 13:22:15'),
(91, '089686598018', 'CHITATO SAPI PANGGANG 15G', '3', 1700.00, 2000.00, '1', '2', 2, 0.00, '2024-06-02 13:22:15', '2024-06-02 13:22:15'),
(92, '089686596045', 'LAYS AYAM GORENG 55G', '3', 6850.00, 7600.00, '1', '2', 4, 0.00, '2024-06-02 13:22:15', '2024-06-02 13:22:15'),
(93, '089686596540', 'LAYS FIESTA RASA SAPI PANGGANG 35G', '3', 5300.00, 5500.00, '1', '2', 26, 0.00, '2024-06-02 13:22:15', '2024-06-02 13:22:15'),
(94, '089686596052', 'LAYS KEJU RACLETTE 55G', '3', 6850.00, 8500.00, '1', '2', 9, 0.00, '2024-06-02 13:22:15', '2024-06-02 13:22:15'),
(95, '089686596236', 'LAYS RASA ASIN KLASIK 35G', '3', 5300.00, 5500.00, '1', '2', 35, 0.00, '2024-06-02 13:22:15', '2024-06-02 13:22:15'),
(96, '089686596038', 'LAYS RASA LADA LEMON 55G', '3', 6850.00, 7700.00, '1', '2', 30, 0.00, '2024-06-02 13:22:15', '2024-06-02 13:22:15'),
(97, '089686596427', 'LAYS RASA RUMPUT LAUT 14 GR', '3', 1700.00, 2000.00, '1', '2', 25, 0.00, '2024-06-02 13:22:15', '2024-06-02 13:22:15'),
(98, '089686596441', 'LAYS RASA RUMPUT LAUT 35 GR', '3', 5575.00, 6500.00, '1', '2', 20, 0.00, '2024-06-02 13:22:15', '2024-06-02 13:22:15'),
(99, '089686596007', 'LAYS RASA STEAK SAPI 55G', '3', 6850.00, 7700.00, '1', '2', 34, 0.00, '2024-06-02 13:22:15', '2024-06-02 13:22:15'),
(100, '089686596465', 'LAYS RUMPUT LAUT 68G', '3', 9500.00, 11000.00, '1', '2', 23, 0.00, '2024-06-02 13:22:15', '2024-06-02 13:22:15'),
(101, '089686596748', 'LAYS SALMON TERIYAKI  35G', '3', 4550.00, 5200.00, '1', '2', 32, 0.00, '2024-06-02 13:22:15', '2024-06-02 13:22:15'),
(102, '089686596779', 'LAYS SALMON TERIYAKI 68G', '3', 9500.00, 9500.00, '1', '2', 13, 0.00, '2024-06-02 13:22:15', '2024-06-02 13:22:15'),
(103, '089686596076', 'LAYS SEAFOOD CJN 55G', '3', 6850.00, 8500.00, '1', '2', 10, 0.00, '2024-06-02 13:22:15', '2024-06-02 13:22:15'),
(104, '21.041', 'BERAS POLOS 1 KG', '4', 12000.00, 13000.00, '2', '3', 16, 0.00, '2024-06-02 13:22:15', '2024-06-02 13:22:15'),
(105, '21.024', 'BERAS POLOS 25KG', '4', 240000.00, 250000.00, '2', '3', 2, 0.00, '2024-06-02 13:22:15', '2024-06-02 13:22:15'),
(106, '21.021', 'BERAS POLOS C4 10KG', '4', 92000.00, 100000.00, '2', '3', 25, 0.00, '2024-06-02 13:22:15', '2024-06-02 13:22:15'),
(107, '21.022', 'BERAS PUTRI SEJATI 10KG', '4', 102000.00, 104000.00, '2', '3', 11, 0.00, '2024-06-02 13:22:15', '2024-06-02 13:22:15'),
(108, '21.023', 'BERAS PUTRI SEJATI 25KG', '4', 252500.00, 260000.00, '2', '3', 29, 0.00, '2024-06-02 13:22:15', '2024-06-02 13:22:15'),
(109, '21.030', 'BERAS PUTRI SEJATI 5KG', '4', 64000.00, 66000.00, '2', '3', 23, 0.00, '2024-06-02 13:22:15', '2024-06-02 13:22:15'),
(110, '8997011700154', 'BIHUN JAGUNG BIJAG 150G', '4', 2500.00, 3000.00, '1', '3', 3, 0.00, '2024-06-02 13:22:15', '2024-06-02 13:22:15'),
(111, '8997011700062', 'BIHUN PADAMU 175 G', '4', 2362.50, 2500.00, '1', '3', 33, 0.00, '2024-06-02 13:22:15', '2024-06-02 13:22:15'),
(112, '8992628022156', 'BIMOLI 1 LITER', '4', 14625.00, 17000.00, '1', '3', 4, 0.00, '2024-06-02 13:22:15', '2024-06-02 13:22:15'),
(113, '8992628020152', 'BIMOLI 2L', '4', 24350.00, 25500.00, '1', '3', 23, 0.00, '2024-06-02 13:22:15', '2024-06-02 13:22:15'),
(114, '8719200170995', 'BLUE BAND SERBAGUNA 200G', '4', 8750.00, 10000.00, '1', '3', 27, 0.00, '2024-06-02 13:22:15', '2024-06-02 13:22:15'),
(115, '8999999034153', 'BLUEBAND SACHET 200G', '4', 6700.00, 8000.00, '1', '3', 15, 0.00, '2024-06-02 13:22:15', '2024-06-02 13:22:15'),
(116, '8995899215036', 'BONCABE MAX 50', '4', 1000.00, 1500.00, '1', '3', 4, 0.00, '2024-06-02 13:22:15', '2024-06-02 13:22:15'),
(117, '8992388111237', 'MI ABC AYAM BAWANG', '4', 1404.55, 2000.00, '1', '3', 24, 0.00, '2024-06-02 13:22:15', '2024-06-02 13:22:15'),
(118, '8992388121021', 'MI ABC KARI AYAM CUP', '4', 3523.00, 4500.00, '1', '3', 10, 0.00, '2024-06-02 13:22:15', '2024-06-02 13:22:15'),
(119, '8992388132324', 'MI ABC SELERA PEDAS NAMPOL SAPI', '4', 2325.00, 3000.00, '1', '3', 25, 0.00, '2024-06-02 13:22:15', '2024-06-02 13:22:15'),
(120, '8992388121045', 'MI ABC SOTO AYAM  CUP', '4', 3523.00, 4500.00, '1', '3', 35, 0.00, '2024-06-02 13:22:15', '2024-06-02 13:22:15'),
(121, '8992388111145', 'MI ABC SUP TOMAT PEDAS', '4', 1602.28, 2200.00, '1', '3', 9, 0.00, '2024-06-02 13:22:15', '2024-06-02 13:22:15'),
(122, '8993175554657', 'MI GORENG RICHEESE KEJU PEDAS', '4', 2975.00, 3500.00, '1', '3', 14, 0.00, '2024-06-02 13:22:15', '2024-06-02 13:22:15'),
(123, '089686023008', 'MI KERING SAKURA 120 G', '4', 1350.00, 1600.00, '1', '3', 20, 0.00, '2024-06-02 13:22:15', '2024-06-02 13:22:15'),
(124, '8998866202619', 'MI SEDAAP SELECTION SOAP', '4', 2700.00, 3000.00, '1', '3', 5, 0.00, '2024-06-02 13:22:15', '2024-06-02 13:22:15'),
(125, '089686000016', 'MI TELUR  CAP 3 AYAM 200G', '4', 3513.00, 4500.00, '1', '3', 13, 0.00, '2024-06-02 13:22:15', '2024-06-02 13:22:15'),
(126, '089686000061', 'MI TELUR CAP 3 AYAM', '4', 3400.00, 5000.00, '1', '3', 20, 0.00, '2024-06-02 13:22:15', '2024-06-02 13:22:15'),
(127, '089686043433', 'MIE INDOMIE HYPE ABIS AYAM GEPREK', '4', 2700.00, 3000.00, '1', '3', 35, 0.00, '2024-06-02 13:22:15', '2024-06-02 13:22:15'),
(128, '089686043419', 'MIE INDOMIE SOTO LAMONGAN', '4', 2282.00, 2500.00, '1', '3', 30, 0.00, '2024-06-02 13:22:15', '2024-06-02 13:22:15'),
(129, '21.044', 'MIE INSTANT', '4', 3000.00, 3500.00, '1', '3', 26, 0.00, '2024-06-02 13:22:15', '2024-06-02 13:22:15'),
(130, '8998866203227', 'MIE SEDAAP AYAM BAKAR LIMAU 89G', '4', 2610.00, 3000.00, '1', '3', 19, 0.00, '2024-06-02 13:22:15', '2024-06-02 13:22:15'),
(131, '8998866200929', 'MIE SEDAAP BASO SPECIAL', '4', 2268.00, 2700.00, '1', '3', 29, 0.00, '2024-06-02 13:22:15', '2024-06-02 13:22:15'),
(132, '8998866202930', 'MIE SEDAAP CUP AYAM JERIT', '4', 3709.00, 5000.00, '1', '3', 29, 0.00, '2024-06-02 13:22:15', '2024-06-02 13:22:15'),
(133, '8998866202770', 'MIE SEDAAP SALERO', '4', 2405.00, 3000.00, '1', '3', 10, 0.00, '2024-06-02 13:22:15', '2024-06-02 13:22:15'),
(134, '8998866200448', 'MIE SEDAAP SAMBAL GORENG', '4', 2405.00, 3000.00, '1', '3', 18, 0.00, '2024-06-02 13:22:15', '2024-06-02 13:22:15'),
(135, '8998866202343', 'MIE SEDAAP SELECTION KOREA', '4', 2749.00, 3000.00, '1', '3', 9, 0.00, '2024-06-02 13:22:15', '2024-06-02 13:22:15'),
(136, '8998866203104', 'MIE SEDAAP SELECTION SINGAPURE SPICY LAKSA', '4', 2405.00, 3000.00, '1', '3', 2, 0.00, '2024-06-02 13:22:15', '2024-06-02 13:22:15'),
(137, '8998866202671', 'MIE SEDAAP SPICY SOUP CUP', '4', 3844.00, 5000.00, '1', '3', 28, 0.00, '2024-06-02 13:22:15', '2024-06-02 13:22:15'),
(138, '8998866201810', 'MIE SEDAP TASTY RASA BAKMI AYAM', '4', 4166.60, 6500.00, '1', '3', 26, 0.00, '2024-06-02 13:22:15', '2024-06-02 13:22:15'),
(139, '8993093665602', 'MINYAK GELAS ROSE BRAND', '4', 3500.00, 4000.00, '1', '3', 21, 0.00, '2024-06-02 13:22:15', '2024-06-02 13:22:15'),
(140, '8994935000087', 'MINYAK GOREMG DUNIA 900ML.', '4', 11100.00, 13000.00, '1', '3', 34, 0.00, '2024-06-02 13:22:15', '2024-06-02 13:22:15'),
(141, '21.043', 'MINYAK GORENG BOTOL TANGGUNG', '4', 8500.00, 10000.00, '1', '3', 19, 0.00, '2024-06-02 13:22:15', '2024-06-02 13:22:15'),
(142, '8994935000070', 'MINYAK GORENG DUNIA 450ML', '4', 5750.00, 7000.00, '1', '3', 31, 0.00, '2024-06-02 13:22:15', '2024-06-02 13:22:15'),
(143, '8992826111072', 'MINYAK GORENG FILMA 1L', '4', 11917.00, 13200.00, '1', '3', 26, 0.00, '2024-06-02 13:22:15', '2024-06-02 13:22:15'),
(144, '8992826111089', 'MINYAK GORENG FILMA 2 L', '4', 23000.00, 26000.00, '1', '3', 31, 0.00, '2024-06-02 13:22:15', '2024-06-02 13:22:15'),
(145, '21.016', 'MINYAK GORENG FITRI 450ML', '4', 5000.00, 5500.00, '1', '3', 24, 0.00, '2024-06-02 13:22:15', '2024-06-02 13:22:15'),
(146, '21.025', 'MINYAK GORENG GAPURA 1 LT', '4', 13000.00, 15000.00, '1', '3', 26, 0.00, '2024-06-02 13:22:15', '2024-06-02 13:22:15'),
(147, '21.026', 'MINYAK GORENG GAPURA 1/2 LT', '4', 6600.00, 8000.00, '1', '3', 27, 0.00, '2024-06-02 13:22:15', '2024-06-02 13:22:15'),
(148, '21.029', 'MINYAK GORENG GAPURA MAS 5L', '4', 55000.00, 65000.00, '1', '3', 28, 0.00, '2024-06-02 13:22:15', '2024-06-02 13:22:15'),
(149, 'BR10', 'BERAS RATU 10 KG', '4', 155000.00, 157000.00, '2', '3', 6, 0.00, '2024-06-02 13:22:15', '2024-06-02 13:22:15'),
(150, '21.009', 'BERAS RATU 25 KG', '4', 337500.00, 342000.00, '2', '3', 25, 0.00, '2024-06-02 13:22:15', '2024-06-02 13:22:15'),
(151, 'BR5', 'BERAS RATU 5 KG', '4', 78000.00, 80000.00, '2', '3', 25, 0.00, '2024-06-02 13:22:15', '2024-06-02 13:22:15'),
(152, '8993093664704', 'MINYAK GORENG ROSE BRAND 1L', '4', 11900.00, 15000.00, '1', '3', 16, 0.00, '2024-06-02 13:22:15', '2024-06-02 13:22:15'),
(153, '8993093665671', 'MINYAK GORENG ROSE BRAND 500ML', '4', 5500.00, 6500.00, '1', '3', 35, 0.00, '2024-06-02 13:22:15', '2024-06-02 13:22:15'),
(154, '8998866201957', 'MINYAK GORENG SABRINA 1L', '4', 17000.00, 22000.00, '1', '3', 5, 0.00, '2024-06-02 13:22:15', '2024-06-02 13:22:15'),
(155, '8998866201964', 'MINYAK GORENG SABRINA 2L', '4', 32583.00, 34000.00, '1', '3', 16, 0.00, '2024-06-02 13:22:15', '2024-06-02 13:22:15'),
(156, '8993496105019', 'MINYAK GORENG SANIA 500ML BOTOL', '4', 7301.00, 8500.00, '1', '3', 22, 0.00, '2024-06-02 13:22:15', '2024-06-02 13:22:15'),
(157, '8998866201933', 'MINYAK GORENG SEDAAP 5L', '4', 64500.00, 70000.00, '1', '3', 12, 0.00, '2024-06-02 13:22:15', '2024-06-02 13:22:15'),
(158, '8994935000728', 'MINYAK KITA 1L', '4', 14000.00, 15000.00, '1', '3', 34, 0.00, '2024-06-02 13:22:15', '2024-06-02 13:22:15'),
(159, '8997222860708', 'MINYAKKITA 1L', '4', 15000.00, 17000.00, '1', '3', 18, 0.00, '2024-06-02 13:22:15', '2024-06-02 13:22:15'),
(160, '8997207198871', 'COUNTRY 20 FILTER', '5', 24700.00, 26000.00, '1', '4', 20, 0.00, '2024-06-02 13:22:15', '2024-06-02 13:22:15'),
(161, '8991901101083', 'CRYSTAL RED 16', '5', 18100.00, 20000.00, '1', '4', 13, 0.00, '2024-06-02 13:22:15', '2024-06-02 13:22:15'),
(162, '8991906101019', 'DJARUM SUPER 12', '5', 20700.00, 22000.00, '1', '4', 21, 0.00, '2024-06-02 13:22:15', '2024-06-02 13:22:15'),
(163, '8991906101026', 'DJARUM SUPER 16', '5', 20600.00, 22500.00, '1', '4', 31, 0.00, '2024-06-02 13:22:15', '2024-06-02 13:22:15'),
(164, '8991906101569', 'DJARUM SUPER MLD FRESH COLA 16', '5', 28500.00, 30000.00, '1', '4', 22, 0.00, '2024-06-02 13:22:15', '2024-06-02 13:22:15'),
(165, '8991906101521', 'DJARUM SUPER WAVE 12', '5', 14700.00, 16500.00, '1', '4', 36, 0.00, '2024-06-02 13:22:15', '2024-06-02 13:22:15'),
(166, '8999909028234', 'DJI SAM SOE 12', '5', 18400.00, 20000.00, '1', '4', 21, 0.00, '2024-06-02 13:22:15', '2024-06-02 13:22:15'),
(167, '8999909010567', 'DJI SAM SOE 16', '5', 21500.00, 23500.00, '1', '4', 4, 0.00, '2024-06-02 13:22:15', '2024-06-02 13:22:15'),
(168, '8999909012059', 'DJI SAM SOE MAESTRO EDITION', '5', 18400.00, 20000.00, '1', '4', 34, 0.00, '2024-06-02 13:22:15', '2024-06-02 13:22:15'),
(169, '8999909028999', 'DJI SAM SOE PREMIUM', '5', 19300.00, 21000.00, '1', '4', 20, 0.00, '2024-06-02 13:22:15', '2024-06-02 13:22:15'),
(170, '8998127912370', 'DUNHILL fine cut mild 20', '5', 31450.00, 33000.00, '1', '4', 17, 0.00, '2024-06-02 13:22:15', '2024-06-02 13:22:15'),
(171, '89981788', 'DUNHILL HIJAU 20', '5', 24600.00, 26000.00, '1', '4', 4, 0.00, '2024-06-02 13:22:15', '2024-06-02 13:22:15'),
(172, '8998127921754', 'DUNHILL HITAM 12', '5', 13800.00, 15500.00, '1', '4', 25, 0.00, '2024-06-02 13:22:15', '2024-06-02 13:22:15'),
(173, '8998127912363', 'DUNHILL HITAM 16', '5', 26800.00, 28000.00, '1', '4', 5, 0.00, '2024-06-02 13:22:15', '2024-06-02 13:22:15'),
(174, '89981764', 'DUNHILL light 20', '5', 27675.00, 29000.00, '1', '4', 25, 0.00, '2024-06-02 13:22:15', '2024-06-02 13:22:15'),
(175, '89981757', 'DUNHILL MERAH 20', '5', 24500.00, 25500.00, '1', '4', 20, 0.00, '2024-06-02 13:22:15', '2024-06-02 13:22:15'),
(176, '8998127921709', 'DUNHILL PUTIH 16 BATANG', '5', 26800.00, 28000.00, '1', '4', 6, 0.00, '2024-06-02 13:22:15', '2024-06-02 13:22:15'),
(177, '8998181941170', 'DUNHILL PUTIH ULTRA 16', '5', 16800.00, 18500.00, '1', '4', 19, 0.00, '2024-06-02 13:22:15', '2024-06-02 13:22:15'),
(178, '8997032821302', 'ESSE BERRY POP', '5', 26500.00, 28000.00, '1', '4', 27, 0.00, '2024-06-02 13:22:15', '2024-06-02 13:22:15'),
(179, '8997032821012', 'ESSE BLUE', '5', 19800.00, 20500.00, '1', '4', 35, 0.00, '2024-06-02 13:22:15', '2024-06-02 13:22:15'),
(180, '8997032821272', 'ESSE CHANGE', '5', 33550.00, 35000.00, '1', '4', 4, 0.00, '2024-06-02 13:22:15', '2024-06-02 13:22:15'),
(181, '8997032821029', 'ESSE MENTHOL', '5', 19800.00, 20500.00, '1', '4', 18, 0.00, '2024-06-02 13:22:15', '2024-06-02 13:22:15'),
(182, '8997032821197', 'ESSE MILD', '5', 16800.00, 17800.00, '1', '4', 25, 0.00, '2024-06-02 13:22:15', '2024-06-02 13:22:15'),
(183, '8997032821203', 'ESSE MILD MENTHOL', '5', 16800.00, 18000.00, '1', '4', 3, 0.00, '2024-06-02 13:22:15', '2024-06-02 13:22:15'),
(184, '8997032821319', 'ESSE POP CARAMEL 16', '5', 25900.00, 27500.00, '1', '4', 14, 0.00, '2024-06-02 13:22:15', '2024-06-02 13:22:15'),
(185, '8999168211330', 'ESSE PUNCH POP 16', '5', 28900.00, 31000.00, '1', '4', 12, 0.00, '2024-06-02 13:22:15', '2024-06-02 13:22:15'),
(186, '8991913101064', 'FERRO 16 KRETEK', '5', 16900.00, 18500.00, '1', '4', 14, 0.00, '2024-06-02 13:22:15', '2024-06-02 13:22:15'),
(187, '8991926101051', 'FORTE EXTRA BREEZE', '5', 16200.00, 18000.00, '1', '4', 20, 0.00, '2024-06-02 13:22:15', '2024-06-02 13:22:15'),
(188, '8991926101044', 'FORTE MENTOL 20', '5', 16200.00, 18000.00, '1', '4', 20, 0.00, '2024-06-02 13:22:15', '2024-06-02 13:22:15'),
(189, '8991926101037', 'FORTE ORI 20', '5', 15000.00, 16500.00, '1', '4', 36, 0.00, '2024-06-02 13:22:15', '2024-06-02 13:22:15'),
(190, '8991918101014', 'GEO MILD', '5', 20000.00, 21500.00, '1', '4', 33, 0.00, '2024-06-02 13:22:15', '2024-06-02 13:22:15'),
(191, '8998989100120', 'GG INTERNATIONAL', '5', 22900.00, 25000.00, '1', '4', 27, 0.00, '2024-06-02 13:22:15', '2024-06-02 13:22:15'),
(192, '8998989500128', 'GG MERAH KRETEK 12', '5', 13650.00, 15000.00, '1', '4', 7, 0.00, '2024-06-02 13:22:15', '2024-06-02 13:22:15'),
(193, '8998989300087', 'GG MILD', '5', 14900.00, 15900.00, '1', '4', 23, 0.00, '2024-06-02 13:22:15', '2024-06-02 13:22:15'),
(194, '8998989300308', 'GG SIGNATURE MILD 12', '5', 20700.00, 22000.00, '1', '4', 8, 0.00, '2024-06-02 13:22:15', '2024-06-02 13:22:15'),
(195, '8998989110129', 'GG SURYA 12', '5', 22900.00, 25000.00, '1', '4', 32, 0.00, '2024-06-02 13:22:15', '2024-06-02 13:22:15'),
(196, '8998989110167', 'GG SURYA 16', '5', 30700.00, 32500.00, '1', '4', 32, 0.00, '2024-06-02 13:22:15', '2024-06-02 13:22:15'),
(197, '8998989300230', 'GUDANG GARAM SIGNATURE MILD', '5', 14000.00, 15000.00, '1', '4', 25, 0.00, '2024-06-02 13:22:15', '2024-06-02 13:22:15'),
(198, '8998989300155', 'GUDANG GARANG SIGNATURE HITAM', '5', 13600.00, 14500.00, '1', '4', 18, 0.00, '2024-06-02 13:22:15', '2024-06-02 13:22:15'),
(199, '8991926101013', 'IN MILD', '5', 20600.00, 22000.00, '1', '4', 30, 0.00, '2024-06-02 13:22:15', '2024-06-02 13:22:15'),
(200, '8991926101020', 'IN MILD MENTOL', '5', 20550.00, 22000.00, '1', '4', 2, 0.00, '2024-06-02 13:22:15', '2024-06-02 13:22:15'),
(201, '89981108', 'LUCKY STRIKE MERAH 20', '5', 26300.00, 28000.00, '1', '4', 8, 0.00, '2024-06-02 13:22:15', '2024-06-02 13:22:15'),
(202, '8998127912264', 'LUCKY STRIKE MILD 16', '5', 13800.00, 15300.00, '1', '4', 6, 0.00, '2024-06-02 13:22:15', '2024-06-02 13:22:15'),
(203, '89981115', 'LUCKY STRIKE SWITCH 20', '5', 27250.00, 29000.00, '1', '4', 12, 0.00, '2024-06-02 13:22:15', '2024-06-02 13:22:15'),
(204, '8997018460150', 'MARLBORO ICE BURST', '5', 39100.00, 41000.00, '1', '4', 19, 0.00, '2024-06-02 13:22:15', '2024-06-02 13:22:15'),
(205, '76239878', 'MARLBORO LIGHT', '5', 39100.00, 41000.00, '1', '4', 13, 0.00, '2024-06-02 13:22:15', '2024-06-02 13:22:15'),
(206, '76239625', 'MARLBORO MENTHOL LIGHT', '5', 23470.00, 24000.00, '1', '4', 35, 0.00, '2024-06-02 13:22:15', '2024-06-02 13:22:15'),
(207, '76164217', 'MARLBORO MERAH', '5', 39100.00, 41000.00, '1', '4', 28, 0.00, '2024-06-02 13:22:15', '2024-06-02 13:22:15'),
(208, '8999909000940', 'MARLBORO MILD BLACK 16', '5', 18150.00, 20000.00, '1', '4', 33, 0.00, '2024-06-02 13:22:15', '2024-06-02 13:22:15'),
(209, '8999909003439', 'MARLBORO SELECTED TOBACO 12', '5', 10000.00, 11000.00, '1', '4', 28, 0.00, '2024-06-02 13:22:15', '2024-06-02 13:22:15'),
(210, '6901028110785', 'MODEN', '5', 22900.00, 24500.00, '1', '4', 0, 0.00, '2024-06-02 13:22:15', '2024-06-02 13:22:15'),
(211, '6901028110815', 'MODEN MERAH', '5', 11800.00, 12500.00, '1', '4', 7, 0.00, '2024-06-02 13:22:15', '2024-06-02 13:22:15'),
(212, '8997218460332', 'MODEN MILD 16 KRETEK', '5', 15500.00, 17000.00, '1', '4', 17, 0.00, '2024-06-02 13:22:15', '2024-06-02 13:22:15'),
(213, '8999909001626', 'SAMPOERNA A FILTER 12', '5', 13350.00, 15000.00, '1', '4', 30, 0.00, '2024-06-02 13:22:15', '2024-06-02 13:22:15'),
(214, '8999909002654', 'SAMPOERNA HITAM KRETEK 12', '5', 10650.00, 12500.00, '1', '4', 15, 0.00, '2024-06-02 13:22:15', '2024-06-02 13:22:15'),
(215, '8999909000988', 'SAMPOERNA KRETEK', '5', 13700.00, 15000.00, '1', '4', 8, 0.00, '2024-06-02 13:22:15', '2024-06-02 13:22:15'),
(216, '8999909085114', 'SAMPOERNA KRETEK 12', '5', 13550.00, 15000.00, '1', '4', 29, 0.00, '2024-06-02 13:22:15', '2024-06-02 13:22:15'),
(217, '8993200664085', 'CIMORY MIX BERRY 70ML', '6', 2000.00, 2500.00, '1', '5', 5, 0.00, '2024-06-02 13:22:15', '2024-06-02 13:22:15'),
(218, '8993200663057', 'CIMORY MIXED BERRY 250 ML', '6', 8000.00, 9000.00, '1', '5', 33, 0.00, '2024-06-02 13:22:15', '2024-06-02 13:22:15'),
(219, '8993200661350', 'CIMORY MIXFRUIT 250 ML', '6', 8000.00, 9000.00, '1', '5', 19, 0.00, '2024-06-02 13:22:15', '2024-06-02 13:22:15'),
(220, '8993200664078', 'CIMORY ORIGINAL 70ML', '6', 2000.00, 2500.00, '1', '5', 2, 0.00, '2024-06-02 13:22:15', '2024-06-02 13:22:15'),
(221, '8993200663064', 'CIMORY PLAIN 250ML', '6', 7500.00, 8500.00, '1', '5', 15, 0.00, '2024-06-02 13:22:15', '2024-06-02 13:22:15'),
(222, '8993200661343', 'CIMORY RASPBERRY 250ML', '6', 9000.00, 10500.00, '1', '5', 5, 0.00, '2024-06-02 13:22:15', '2024-06-02 13:22:15'),
(223, '8993200668045', 'CIMORY SQUEEZE 120G ALOE VERA', '6', 9000.00, 10500.00, '1', '5', 19, 0.00, '2024-06-02 13:22:15', '2024-06-02 13:22:15'),
(224, '8993200666959', 'CIMORY SQUEEZE 120G BLUEBERRY', '6', 9000.00, 10500.00, '1', '5', 29, 0.00, '2024-06-02 13:22:15', '2024-06-02 13:22:15'),
(225, '8993200668335', 'CIMORY SQUEEZE 120G BROWN SUGER', '6', 9000.00, 10500.00, '1', '5', 21, 0.00, '2024-06-02 13:22:15', '2024-06-02 13:22:15'),
(226, '8993200667390', 'CIMORY SQUEEZE 120G HONEY', '6', 8500.00, 10000.00, '1', '5', 24, 0.00, '2024-06-02 13:22:15', '2024-06-02 13:22:15'),
(227, '8993200666935', 'CIMORY SQUEEZE 120G ORIGINAL', '6', 8500.00, 10000.00, '1', '5', 25, 0.00, '2024-06-02 13:22:15', '2024-06-02 13:22:15'),
(228, '8993200667406', 'CIMORY SQUEEZE 120G PEACH', '6', 8500.00, 10000.00, '1', '5', 9, 0.00, '2024-06-02 13:22:15', '2024-06-02 13:22:15'),
(229, '8993200668304', 'CIMORY SQUEEZE 120G PURPLE TARO', '6', 9000.00, 10500.00, '1', '5', 4, 0.00, '2024-06-02 13:22:15', '2024-06-02 13:22:15'),
(230, '8993200666942', 'CIMORY SQUEEZE 120G STRAWBERRY', '6', 9000.00, 10500.00, '1', '5', 16, 0.00, '2024-06-02 13:22:15', '2024-06-02 13:22:15'),
(231, '8993200668700', 'CIMORY SQUEEZE 120G THAI TEA', '6', 8500.00, 10000.00, '1', '5', 30, 0.00, '2024-06-02 13:22:15', '2024-06-02 13:22:15'),
(232, '8993200664900', 'CIMORY STRAWBERRY 70ML', '6', 2000.00, 2500.00, '1', '5', 35, 0.00, '2024-06-02 13:22:15', '2024-06-02 13:22:15'),
(233, '8993200661305', 'CIMORY STRO 250ML', '6', 7500.00, 8500.00, '1', '5', 1, 0.00, '2024-06-02 13:22:15', '2024-06-02 13:22:15'),
(234, '8993200664054', 'CIMORY STROWBERY 70ML', '6', 2000.00, 2500.00, '1', '5', 14, 0.00, '2024-06-02 13:22:15', '2024-06-02 13:22:15'),
(235, '8993200664597', 'CIMORY UHT COKLAT 200 ML', '6', 5000.00, 6000.00, '1', '5', 29, 0.00, '2024-06-02 13:22:15', '2024-06-02 13:22:15'),
(236, '8993200664603', 'CIMORY UHT STRAW 200 ML', '6', 4000.01, 5000.00, '1', '5', 20, 0.00, '2024-06-02 13:22:15', '2024-06-02 13:22:15'),
(237, '8993200663040', 'CIMORY VANILLA 250ML', '6', 7500.00, 9000.00, '1', '5', 16, 0.00, '2024-06-02 13:22:15', '2024-06-02 13:22:15'),
(238, '8993200664993', 'CIMORY YOGOOD 100C+ LEMON', '6', 6500.00, 8500.00, '1', '5', 34, 0.00, '2024-06-02 13:22:15', '2024-06-02 13:22:15'),
(239, '8993200668922', 'CIMORY YOGURT STIK BLUEBERRY', '6', 3000.00, 3500.00, '1', '5', 26, 0.00, '2024-06-02 13:22:15', '2024-06-02 13:22:15'),
(240, '8993200668915', 'CIMORY YOGURT STRAWBERRY STIK', '6', 3000.00, 3500.00, '1', '5', 5, 0.00, '2024-06-02 13:22:15', '2024-06-02 13:22:15'),
(241, '8886008101091', 'AQUA 1500 ML', '7', 4333.00, 5000.00, '1', '6', 10, 0.00, '2024-06-02 13:22:15', '2024-06-02 13:22:15'),
(242, '8992752091301', 'AQUA 450', '7', 3000.00, 4000.00, '1', '6', 23, 0.00, '2024-06-02 13:22:15', '2024-06-02 13:22:15'),
(243, '8886008101053', 'AQUA 600 ML', '7', 2000.00, 3000.00, '1', '6', 34, 0.00, '2024-06-02 13:22:15', '2024-06-02 13:22:15'),
(244, '8992752091127', 'AQUA 750ML', '7', 3927.78, 4500.00, '1', '6', 21, 0.00, '2024-06-02 13:22:15', '2024-06-02 13:22:15'),
(245, 'AG', 'AQUA GALON', '7', 16250.00, 18000.00, '4', '6', 18, 0.00, '2024-06-02 13:22:15', '2024-06-02 13:22:15'),
(246, '8886008101046', 'AQUA GELAS 220ML', '7', 521.00, 1000.00, '1', '6', 7, 0.00, '2024-06-02 13:22:15', '2024-06-02 13:22:15'),
(247, '8886008101336', 'AQUA MINI 330 ML', '7', 1500.00, 2500.00, '1', '6', 8, 0.00, '2024-06-02 13:22:15', '2024-06-02 13:22:15'),
(248, '30.010', 'AQUA MINI DUS', '7', 37000.00, 42000.00, '3', '6', 6, 0.00, '2024-06-02 13:22:15', '2024-06-02 13:22:15'),
(249, '8992696417946', 'BEAR BRAND GOLD WHITE MILK', '7', 5208.34, 8000.00, '1', '7', 28, 0.00, '2024-06-02 13:22:15', '2024-06-02 13:22:15'),
(250, '8991102883016', 'BEER PROST 620 ML', '7', 23125.00, 27000.00, '1', '7', 6, 0.00, '2024-06-02 13:22:15', '2024-06-02 13:22:15'),
(251, '8997206580424', 'BINTANG KALENG', '7', 16857.00, 19000.00, '1', '8', 10, 0.00, '2024-06-02 13:22:15', '2024-06-02 13:22:15'),
(252, '8997206580400', 'BIR BINTANG 660 ML', '7', 30333.00, 34000.00, '1', '8', 8, 0.00, '2024-06-02 13:22:15', '2024-06-02 13:22:15'),
(253, '8997206580387', 'BIR BINTANG PILNESER KECIL 330 ML', '7', 18600.00, 22000.00, '1', '8', 19, 0.00, '2024-06-02 13:22:15', '2024-06-02 13:22:15'),
(254, '8997206580493', 'BIR BINTANG RADLER 330ML', '7', 15291.66, 21000.00, '1', '8', 18, 0.00, '2024-06-02 13:22:15', '2024-06-02 13:22:15'),
(255, '8886002100236', 'BIR DRAFT 620ML', '7', 24583.00, 27000.00, '1', '8', 6, 0.00, '2024-06-02 13:22:15', '2024-06-02 13:22:15'),
(256, '738989322010', 'BIR GUINESS', '7', 24333.00, 28000.00, '1', '8', 8, 0.00, '2024-06-02 13:22:15', '2024-06-02 13:22:15'),
(257, '8991102883337', 'BIR SINGARAJA PILSNER BEER', '7', 22666.00, 25000.00, '1', '8', 20, 0.00, '2024-06-02 13:22:15', '2024-06-02 13:22:15'),
(258, '8991102222006', 'TEH GELAS 180 ML', '7', 825.00, 1000.00, '1', '7', 10, 0.00, '2024-06-02 13:22:15', '2024-06-02 13:22:15'),
(259, '8991102300148', 'TEH GELAS BIG APEL 270ML', '7', 1500.00, 2000.00, '1', '7', 29, 0.00, '2024-06-02 13:22:15', '2024-06-02 13:22:15'),
(260, '8991102300070', 'TEH GELAS BIG MARKISA 220ML', '7', 1500.00, 2000.00, '1', '7', 9, 0.00, '2024-06-02 13:22:15', '2024-06-02 13:22:15'),
(261, '8991102222211', 'TEH GELAS BIG ORIGINAL', '7', 1500.00, 2000.00, '1', '7', 6, 0.00, '2024-06-02 13:22:15', '2024-06-02 13:22:15'),
(262, '8991102715454', 'TEH GELAS GULA BATU 160ML', '7', 880.00, 1000.00, '1', '7', 30, 0.00, '2024-06-02 13:22:15', '2024-06-02 13:22:15'),
(263, '8991102228015', 'TEH GELAS ORIGINAL 500 ML', '7', 3295.45, 4500.00, '1', '7', 12, 0.00, '2024-06-02 13:22:15', '2024-06-02 13:22:15'),
(264, '8991102228053', 'TEH GELAS PET 350 ML', '7', 2500.00, 3000.00, '1', '7', 30, 0.00, '2024-06-02 13:22:15', '2024-06-02 13:22:15'),
(265, '8992761136161', 'COCA COLA 1 L', '7', 9600.00, 10000.00, '1', '7', 33, 0.00, '2024-06-02 13:22:15', '2024-06-02 13:22:15'),
(266, '8992761136017', 'COCA COLA 1.5L', '7', 11500.00, 13000.00, '1', '7', 0, 0.00, '2024-06-02 13:22:15', '2024-06-02 13:22:15'),
(267, '8992761002015', 'COCA COLA 390 ML', '7', 4500.00, 5500.00, '1', '7', 5, 0.00, '2024-06-02 13:22:15', '2024-06-02 13:22:15'),
(268, '8992761002060', 'COCA COLA ZERO SUGER 390ML', '7', 4375.00, 5000.00, '1', '7', 30, 0.00, '2024-06-02 13:22:15', '2024-06-02 13:22:15'),
(269, '8992761145019', 'COCA-COLA IMUT', '7', 3200.00, 4000.00, '1', '7', 24, 0.00, '2024-06-02 13:22:15', '2024-06-02 13:22:15'),
(270, '8998866608855', 'RAPIKA BIANG BIRU 250ML', '8', 2900.00, 5000.00, '1', '3', 28, 0.00, '2024-06-02 13:22:15', '2024-06-02 13:22:15'),
(271, '8998866611114', 'RAPIKA BIANG GOLD 250 ML', '8', 2900.00, 5000.00, '1', '3', 35, 0.00, '2024-06-02 13:22:15', '2024-06-02 13:22:15'),
(272, '8998866611084', 'RAPIKA BIANG GOLD SCH', '8', 396.00, 500.00, '1', '3', 20, 0.00, '2024-06-02 13:22:15', '2024-06-02 13:22:15'),
(273, '8998866608862', 'RAPIKA BIANG MERAH 250ML', '8', 2900.00, 5000.00, '1', '3', 6, 0.00, '2024-06-02 13:22:15', '2024-06-02 13:22:15'),
(274, '90.009', 'RAPIKA BIANG SASET', '8', 1042.00, 1300.00, '1', '3', 35, 0.00, '2024-06-02 13:22:15', '2024-06-02 13:22:15'),
(275, '8998866608879', 'RAPIKA BIANG UNGU 250ML', '8', 2900.00, 5000.00, '1', '3', 1, 0.00, '2024-06-02 13:22:15', '2024-06-02 13:22:15'),
(276, '8998866605649', 'RAPIKA BIRU 400ML', '8', 4458.34, 6000.00, '1', '3', 33, 0.00, '2024-06-02 13:22:15', '2024-06-02 13:22:15'),
(277, '8998866605779', 'RAPIKA COOL BLUE 250ML BOTOL', '8', 7175.00, 9000.00, '1', '3', 20, 0.00, '2024-06-02 13:22:15', '2024-06-02 13:22:15'),
(278, '8998866604741', 'RAPIKA EXOTIC PURPLE 250ML BOTOL', '8', 7175.00, 9000.00, '1', '3', 19, 0.00, '2024-06-02 13:22:15', '2024-06-02 13:22:15'),
(279, '8998866603393', 'RAPIKA HIJAU 400ML', '8', 4275.00, 5500.00, '1', '3', 28, 0.00, '2024-06-02 13:22:15', '2024-06-02 13:22:15'),
(280, '8998866611107', 'RAPIKA LUXURIOUS GOLD 250 BOTOL', '8', 7175.00, 9000.00, '1', '3', 14, 0.00, '2024-06-02 13:22:15', '2024-06-02 13:22:15'),
(281, '8998866603416', 'RAPIKA MERAH 400 ML', '8', 4275.00, 5500.00, '1', '3', 19, 0.00, '2024-06-02 13:22:15', '2024-06-02 13:22:15'),
(282, '8998866604703', 'RAPIKA SWEET PINK 250ML BOTOL', '8', 7175.00, 9000.00, '1', '3', 2, 0.00, '2024-06-02 13:22:15', '2024-06-02 13:22:15'),
(283, '8998866607667', 'RAPIKA TROPIKAL 400ML', '8', 4275.00, 5500.00, '1', '3', 34, 0.00, '2024-06-02 13:22:15', '2024-06-02 13:22:15'),
(284, '8998866603409', 'RAPIKA UNGU 400 ML', '8', 4458.34, 6000.00, '1', '3', 8, 0.00, '2024-06-02 13:22:15', '2024-06-02 13:22:15'),
(285, '8999908226808', 'REVLON LIP STICK 3.8G', '8', 35000.00, 35000.00, '1', '3', 2, 0.00, '2024-06-02 13:22:15', '2024-06-02 13:22:15'),
(286, '8999999401245', 'RINSO ANTI NODA 1.4 KG', '8', 23167.00, 27800.00, '1', '3', 2, 0.00, '2024-06-02 13:22:15', '2024-06-02 13:22:15'),
(287, '8999999558062', 'RINSO ANTI NODA 44G', '8', 833.00, 1000.00, '1', '3', 15, 0.00, '2024-06-02 13:22:15', '2024-06-02 13:22:15'),
(288, '8999999558079', 'RINSO ANTI NODA 44G', '8', 840.00, 1000.00, '1', '3', 5, 0.00, '2024-06-02 13:22:15', '2024-06-02 13:22:15'),
(289, '8999999401238', 'RINSO ANTI NODA 800GR', '8', 17000.00, 21000.00, '1', '3', 13, 0.00, '2024-06-02 13:22:15', '2024-06-02 13:22:15'),
(290, '8999999042639', 'RINSO ANTI NODA CAIR SACHET', '8', 850.00, 1000.00, '1', '3', 24, 0.00, '2024-06-02 13:22:15', '2024-06-02 13:22:15'),
(291, '8999999006006', 'RINSO ANTI NODA LIQUID 800ML', '8', 16500.00, 18200.00, '1', '3', 7, 0.00, '2024-06-02 13:22:15', '2024-06-02 13:22:15'),
(292, '8999999056957', 'RINSO CAIR  BLUE', '8', 16500.00, 18200.00, '1', '3', 28, 0.00, '2024-06-02 13:22:15', '2024-06-02 13:22:15'),
(293, '8999999016128', 'RINSO CAIR ADVANCE FOAM PINK', '8', 17084.00, 20000.00, '1', '3', 14, 0.00, '2024-06-02 13:22:15', '2024-06-02 13:22:15'),
(294, '8999999042646', 'RINSO CAIR MOLTO SACHET', '8', 850.00, 1000.00, '1', '3', 21, 0.00, '2024-06-02 13:22:15', '2024-06-02 13:22:15'),
(295, '8999999401269', 'RINSO COLOUR & CARE 800 GR', '8', 17550.00, 19500.00, '1', '3', 29, 0.00, '2024-06-02 13:22:15', '2024-06-02 13:22:15'),
(296, '8999999530419', 'rinso gentle antinoda', '8', 19500.00, 22500.00, '1', '3', 34, 0.00, '2024-06-02 13:22:15', '2024-06-02 13:22:15'),
(297, '8999999059880', 'RINSO MATIC 65 ML', '8', 1600.00, 2000.00, '1', '3', 24, 0.00, '2024-06-02 13:22:15', '2024-06-02 13:22:15'),
(298, '8999999041748', 'RINSO MATIC 800ML', '8', 18100.00, 20000.00, '1', '3', 35, 0.00, '2024-06-02 13:22:15', '2024-06-02 13:22:15'),
(299, '8999999045265', 'RINSO MOLTO 900GR', '8', 18333.00, 20500.00, '1', '3', 29, 0.00, '2024-06-02 13:22:15', '2024-06-02 13:22:15'),
(300, '8999999042608', 'RINSO MOLTO AE BLACK CAIR 800 ML', '8', 16500.00, 18200.00, '1', '3', 33, 0.00, '2024-06-02 13:22:15', '2024-06-02 13:22:15'),
(301, '8999999057237', 'RINSO MOLTO BLUE CAIR SCH 42 ML', '8', 805.00, 1000.00, '1', '3', 17, 0.00, '2024-06-02 13:22:15', '2024-06-02 13:22:15'),
(302, '8999999518998', 'RINSO MOLTO PERFUME ESSENCE POWDER 800 G', '8', 16350.00, 19000.00, '1', '3', 14, 0.00, '2024-06-02 13:22:15', '2024-06-02 13:22:15'),
(303, '8999999514495', 'RINSO MOLTO PINK 225ML', '8', 4833.00, 5000.00, '1', '3', 24, 0.00, '2024-06-02 13:22:15', '2024-06-02 13:22:15'),
(304, '8999999514518', 'RINSO MOLTO PURPLE 225ML', '8', 4500.00, 5000.00, '1', '3', 15, 0.00, '2024-06-02 13:22:15', '2024-06-02 13:22:15'),
(305, '8999999526894', 'RINSO MOLTO ROYAL GOLD 42ML', '8', 805.00, 1000.00, '1', '3', 26, 0.00, '2024-06-02 13:22:15', '2024-06-02 13:22:15'),
(306, '8999999042592', 'RINSO MOLTO ULTRA AE BLACK CAIR 42 ML', '8', 850.00, 1000.00, '1', '3', 13, 0.00, '2024-06-02 13:22:15', '2024-06-02 13:22:15'),
(307, '8999999518981', 'RINSO PERFUME ESSENCE SASET', '8', 805.00, 1000.00, '1', '3', 6, 0.00, '2024-06-02 13:22:15', '2024-06-02 13:22:15'),
(308, '8999999500641', 'RINSO PINK 250G', '8', 4420.00, 5000.00, '1', '3', 4, 0.00, '2024-06-02 13:22:15', '2024-06-02 13:22:15'),
(309, '8993560024635', 'SABUN DETTOL BLUE', '9', 3300.00, 4000.00, '1', '9', 23, 0.00, '2024-06-02 13:22:15', '2024-06-02 13:22:15'),
(310, '8999999015947', 'SABUN DOVE 50G', '9', 3200.00, 3600.00, '1', '9', 13, 0.00, '2024-06-02 13:22:15', '2024-06-02 13:22:15'),
(311, '8998866603669', 'SABUN FRESH APEL', '9', 1350.00, 1800.00, '1', '9', 12, 0.00, '2024-06-02 13:22:15', '2024-06-02 13:22:15'),
(312, '8998866603676', 'SABUN FRESH CUCUMBER MELON', '9', 1350.00, 2000.00, '1', '9', 5, 0.00, '2024-06-02 13:22:15', '2024-06-02 13:22:15'),
(313, '8998866604512', 'SABUN FRESH GRAPE', '9', 1350.00, 2000.00, '1', '9', 36, 0.00, '2024-06-02 13:22:15', '2024-06-02 13:22:15'),
(314, '8998866603683', 'SABUN FRESH STRAWBERRY', '9', 2450.00, 3000.00, '1', '9', 9, 0.00, '2024-06-02 13:22:15', '2024-06-02 13:22:15'),
(315, '8998866608305', 'SABUN GIV BENGKOANG 80 GR', '9', 2450.00, 3000.00, '1', '9', 22, 0.00, '2024-06-02 13:22:15', '2024-06-02 13:22:15'),
(316, '8998866888615', 'SABUN GIV BIRU', '9', 1729.00, 2500.00, '1', '9', 10, 0.00, '2024-06-02 13:22:15', '2024-06-02 13:22:15'),
(317, '8998866888653', 'SABUN GIV COKLAT', '9', 1700.00, 2000.00, '1', '9', 31, 0.00, '2024-06-02 13:22:15', '2024-06-02 13:22:15'),
(318, '8998866612890', 'SABUN GIV HIJAB TIN&ZAITUN', '9', 1800.00, 2500.00, '1', '9', 9, 0.00, '2024-06-02 13:22:15', '2024-06-02 13:22:15'),
(319, '8998866888639', 'SABUN GIV HIJAU 80 GR', '9', 1740.00, 2500.00, '1', '9', 30, 0.00, '2024-06-02 13:22:15', '2024-06-02 13:22:15'),
(320, '8998866888622', 'SABUN GIV MERAH 80 GR', '9', 1800.00, 2500.00, '1', '9', 18, 0.00, '2024-06-02 13:22:15', '2024-06-02 13:22:15'),
(321, '8998866609142', 'SABUN GIV MULBERRY SILK 80GR', '9', 1800.00, 2500.00, '1', '9', 18, 0.00, '2024-06-02 13:22:15', '2024-06-02 13:22:15'),
(322, '8998866608312', 'SABUN GIV PAPAYA', '9', 2584.00, 3500.00, '1', '9', 27, 0.00, '2024-06-02 13:22:15', '2024-06-02 13:22:15'),
(323, '8998866608602', 'SABUN GIV PEARL KOTAK 80 G', '9', 2450.00, 3000.00, '1', '9', 4, 0.00, '2024-06-02 13:22:15', '2024-06-02 13:22:15'),
(324, '8998866606417', 'SABUN GIV PUTIH 80 G', '9', 1800.00, 2500.00, '1', '9', 10, 0.00, '2024-06-02 13:22:15', '2024-06-02 13:22:15'),
(325, '8998866602389', 'SABUN GIV UNGU', '9', 1800.00, 2500.00, '1', '9', 34, 0.00, '2024-06-02 13:22:15', '2024-06-02 13:22:15'),
(326, '8999999029852', 'SABUN LIFEBOY CLINI SHIELD 10', '9', 4650.00, 5200.00, '1', '9', 19, 0.00, '2024-06-02 13:22:15', '2024-06-02 13:22:15'),
(327, '8999999059347', 'SABUN LIFEBOY COOL FRESH', '9', 2500.00, 3000.00, '1', '9', 31, 0.00, '2024-06-02 13:22:15', '2024-06-02 13:22:15'),
(328, '8999999059316', 'SABUN LIFEBOY MILD CARE 85 GR', '9', 3500.00, 4000.00, '1', '9', 3, 0.00, '2024-06-02 13:22:15', '2024-06-02 13:22:15'),
(329, '8999999046996', 'SABUN LIFEBOY TOTAL', '9', 1912.50, 2300.00, '1', '9', 3, 0.00, '2024-06-02 13:22:15', '2024-06-02 13:22:15'),
(330, '8999999031107', 'SABUN LUX FRESH SPALSH', '9', 2800.00, 3100.00, '1', '9', 26, 0.00, '2024-06-02 13:22:15', '2024-06-02 13:22:15'),
(331, '8999999036690', 'SABUN LUX MAGICAL SPELL 85 GR', '9', 2960.00, 4000.00, '1', '9', 6, 0.00, '2024-06-02 13:22:15', '2024-06-02 13:22:15'),
(332, '8999999036638', 'SABUN LUX VELVET TOUCH 85 GR', '9', 2960.00, 3500.00, '1', '9', 35, 0.00, '2024-06-02 13:22:15', '2024-06-02 13:22:15'),
(333, '8999999500399', 'SABUN LUX WHITE IMPRESS 85G', '9', 2958.00, 3500.00, '1', '9', 6, 0.00, '2024-06-02 13:22:15', '2024-06-02 13:22:15'),
(334, '8999225902706', 'SABUN MANDI SIRIH BENGKOANG PURBASARI', '9', 3759.80, 4500.00, '1', '9', 35, 0.00, '2024-06-02 13:22:15', '2024-06-02 13:22:15'),
(335, '8998866606158', 'SABUN NUVO LEMON LIME', '9', 2600.00, 3000.00, '1', '9', 25, 0.00, '2024-06-02 13:22:15', '2024-06-02 13:22:15'),
(336, '8998866610742', 'SABUN NUVO PINK', '9', 2375.00, 3000.00, '1', '9', 1, 0.00, '2024-06-02 13:22:15', '2024-06-02 13:22:15'),
(337, '8997024490271', 'SABUN PAPAYA JINZU', '9', 7500.00, 8500.00, '1', '9', 29, 0.00, '2024-06-02 13:22:15', '2024-06-02 13:22:15'),
(338, '80.018', 'SABUN PAPAYA MAMAYA', '9', 7500.00, 8500.00, '1', '9', 3, 0.00, '2024-06-02 13:22:15', '2024-06-02 13:22:15'),
(339, '8997214430087', 'SABUN PAPAYA MERAH', '9', 9500.00, 10000.00, '1', '9', 18, 0.00, '2024-06-02 13:22:15', '2024-06-02 13:22:15'),
(340, '8991102002493', 'SABUN PROTECT MILD 75G', '9', 3336.00, 4000.00, '1', '9', 26, 0.00, '2024-06-02 13:22:15', '2024-06-02 13:22:15'),
(341, '8991102002486', 'SABUN PROTECT TOTAL 75G', '9', 3336.00, 4000.00, '1', '9', 33, 0.00, '2024-06-02 13:22:15', '2024-06-02 13:22:15'),
(342, '8999225783855', 'SABUN SIRIH BEAUTY MUSK 60ML PB', '9', 6500.00, 8000.00, '1', '9', 2, 0.00, '2024-06-02 13:22:15', '2024-06-02 13:22:15'),
(343, '8999225783206', 'SABUN SIRIH ENERGIC ORCHID 60ML', '9', 6500.00, 8000.00, '1', '9', 26, 0.00, '2024-06-02 13:22:15', '2024-06-02 13:22:15'),
(344, '8999225906384', 'SABUN SIRIH MANJAKANI', '9', 8500.00, 11000.00, '1', '9', 19, 0.00, '2024-06-02 13:22:15', '2024-06-02 13:22:15'),
(345, '8999225783282', 'SABUN SIRIH NATURAL 60ML PB', '9', 5104.00, 7500.00, '1', '9', 10, 0.00, '2024-06-02 13:22:15', '2024-06-02 13:22:15'),
(346, '8999225783244', 'SABUN SIRIH ROSE 60ML PB', '9', 5104.00, 6200.00, '1', '9', 25, 0.00, '2024-06-02 13:22:15', '2024-06-02 13:22:15'),
(347, '8990011998897', 'SABUN TAWON BESAR', '9', 6909.00, 8500.00, '1', '9', 2, 0.00, '2024-06-02 13:22:15', '2024-06-02 13:22:15'),
(348, '8990011998880', 'SABUN TAWON KECIL', '9', 4791.00, 6000.00, '1', '9', 17, 0.00, '2024-06-02 13:22:15', '2024-06-02 13:22:15'),
(349, '8997214430032', 'SABUN WAJAH PAPAYA  135 GR', '9', 8500.00, 10000.00, '1', '9', 23, 0.00, '2024-06-02 13:22:15', '2024-06-02 13:22:15'),
(350, '8999225905332', 'SABUN ZAITUN PURBASARI', '9', 4200.00, 5000.00, '1', '9', 2, 0.00, '2024-06-02 13:22:15', '2024-06-02 13:22:15'),
(351, '8997003823502', 'SARI BODY LOTION 600ML', '9', 17500.00, 23000.00, '1', '9', 4, 0.00, '2024-06-02 13:22:15', '2024-06-02 13:22:15'),
(352, '8997016373247', 'SEMIR MENGKUDU MIRANDA 30ML', '9', 11666.67, 13000.00, '1', '9', 18, 0.00, '2024-06-02 13:22:15', '2024-06-02 13:22:15'),
(353, '8997016370390', 'SEMIR MIRANDA BROWN', '9', 7333.33, 15000.00, '1', '9', 24, 0.00, '2024-06-02 13:22:15', '2024-06-02 13:22:15'),
(354, '8997016370376', 'SEMIR MIRANDA FLOWER RED', '9', 7667.00, 9000.00, '1', '9', 8, 0.00, '2024-06-02 13:22:15', '2024-06-02 13:22:15'),
(355, '8997016370161', 'SEMIR MIRANDA GOLDEN', '9', 7834.00, 9000.00, '1', '9', 31, 0.00, '2024-06-02 13:22:15', '2024-06-02 13:22:15'),
(356, '8997016370345', 'SEMIR MIRANDA ORANGE', '9', 7584.00, 9000.00, '1', '9', 31, 0.00, '2024-06-02 13:22:15', '2024-06-02 13:22:15'),
(357, '8997016370369', 'SEMIR MIRANDA PUTIH', '9', 7833.33, 9500.00, '1', '9', 25, 0.00, '2024-06-02 13:22:15', '2024-06-02 13:22:15'),
(358, '8997016370383', 'SEMIR MIRANDA RED', '9', 7834.00, 9000.00, '1', '9', 4, 0.00, '2024-06-02 13:22:15', '2024-06-02 13:22:15'),
(359, '8997016370338', 'SEMIR MIRANDA RED FIRE', '9', 7584.00, 9000.00, '1', '9', 19, 0.00, '2024-06-02 13:22:15', '2024-06-02 13:22:15'),
(360, '8997016370406', 'SEMIR MIRANDA RED WINE', '9', 7500.00, 9000.00, '1', '9', 2, 0.00, '2024-06-02 13:22:15', '2024-06-02 13:22:15'),
(361, '4800318407739', 'SENSEDINE COOL GEL 100G', '9', 23352.00, 27000.00, '1', '9', 22, 0.00, '2024-06-02 13:22:15', '2024-06-02 13:22:15'),
(362, '9310042627501', 'SENSODINE REGULAR 100 G', '9', 23352.00, 27000.00, '1', '9', 17, 0.00, '2024-06-02 13:22:15', '2024-06-02 13:22:15'),
(363, '8992695554864', 'SENSODYNE DAILY SENSITIVE RELIEF 40GR', '9', 7000.00, 8000.00, '1', '9', 13, 0.00, '2024-06-02 13:22:15', '2024-06-02 13:22:15'),
(364, '8991991161332', 'SENSODYNE FRESH MINT 100 G', '9', 23750.00, 27000.00, '1', '9', 16, 0.00, '2024-06-02 13:22:15', '2024-06-02 13:22:15');
INSERT INTO `barangs` (`id`, `kode`, `nama`, `kategori_id`, `harga_beli`, `harga_jual`, `satuan_id`, `supplier_id`, `stok`, `diskon`, `created_at`, `updated_at`) VALUES
(365, '8999999581091', 'PEPSODENT 85G', '9', 4150.00, 5500.00, '1', '9', 31, 0.00, '2024-06-02 13:22:15', '2024-06-02 13:22:15'),
(366, '8999999030179', 'PEPSODENT ACTION 123 75G', '9', 4700.00, 5500.00, '1', '9', 4, 0.00, '2024-06-02 13:22:15', '2024-06-02 13:22:15'),
(367, '8999999710873', 'PEPSODENT ACTION 123 HERBAL 120 G', '9', 9800.00, 11500.00, '1', '9', 28, 0.00, '2024-06-02 13:22:15', '2024-06-02 13:22:15'),
(368, '8999999710880', 'PEPSODENT ACTION 123 HERBAL 75 G', '9', 7000.00, 8000.00, '1', '9', 5, 0.00, '2024-06-02 13:22:15', '2024-06-02 13:22:15'),
(369, '8999999030186', 'PEPSODENT ACTION 190G', '9', 11666.67, 16000.00, '1', '9', 34, 0.00, '2024-06-02 13:22:15', '2024-06-02 13:22:15'),
(370, '8999999028695', 'PEPSODENT FRESH COOL MINT 75G', '9', 4000.00, 5000.00, '1', '9', 9, 0.00, '2024-06-02 13:22:15', '2024-06-02 13:22:15'),
(371, '80.026', 'PEPSODENT FRESH COOL MINT 75G', '9', 2650.00, 3200.00, '1', '9', 7, 0.00, '2024-06-02 13:22:15', '2024-06-02 13:22:15'),
(372, '8999999710866', 'PEPSODENT HERBAL 190G', '9', 15833.00, 19000.00, '1', '9', 2, 0.00, '2024-06-02 13:22:15', '2024-06-02 13:22:15'),
(373, '8999999706173', 'PEPSODENT PG EXTRA WHITE 120 G', '9', 7291.00, 8500.00, '1', '9', 18, 0.00, '2024-06-02 13:22:15', '2024-06-02 13:22:15'),
(374, '8991389220245', 'BUKU KOTAK SIDU 1CM', '10', 3300.00, 4000.00, '1', '10', 6, 0.00, '2024-06-02 13:22:15', '2024-06-02 13:22:15'),
(375, '8991389220252', 'BUKU KOTAK SIDU 38', '10', 2500.00, 3500.00, '1', '10', 34, 0.00, '2024-06-02 13:22:15', '2024-06-02 13:22:15'),
(376, '8997014310763', 'BUKU KOTAK STRIMIN', '10', 2000.00, 2400.00, '1', '10', 4, 0.00, '2024-06-02 13:22:15', '2024-06-02 13:22:15'),
(377, '8991389228227', 'BUKU KWITANSI 40', '10', 3900.00, 7000.00, '1', '10', 5, 0.00, '2024-06-02 13:22:15', '2024-06-02 13:22:15'),
(378, '70.114', 'BUKU KWITANSI SILVER HOURSE 40', '10', 1100.00, 2000.00, '1', '10', 32, 0.00, '2024-06-02 13:22:15', '2024-06-02 13:22:15'),
(379, '8991389220023', 'BUKU MATEMATIKA KOTAK SIDU', '10', 3000.00, 3500.00, '1', '10', 28, 0.00, '2024-06-02 13:22:15', '2024-06-02 13:22:15'),
(380, '70.007', 'BUKU NOTA', '10', 2000.00, 2500.00, '1', '10', 23, 0.00, '2024-06-02 13:22:15', '2024-06-02 13:22:15'),
(381, '8995757011336', 'BUKU OKTAVO OKEY 200', '10', 9500.00, 13000.00, '1', '10', 16, 0.00, '2024-06-02 13:22:15', '2024-06-02 13:22:15'),
(382, '8991389241561', 'BUKU OKTAVO PAPER LANE 100L', '10', 5000.00, 7000.00, '1', '10', 32, 0.00, '2024-06-02 13:22:15', '2024-06-02 13:22:15'),
(383, '8991389220016', 'BUKU SIDU 38 LEMBAR', '10', 3000.00, 4000.00, '1', '10', 30, 0.00, '2024-06-02 13:22:15', '2024-06-02 13:22:15'),
(384, '8992221088368', 'BUKU SINTARO 36', '10', 4300.00, 6000.00, '1', '10', 19, 0.00, '2024-06-02 13:22:15', '2024-06-02 13:22:15'),
(385, '70.008', 'BUKU STRIMIN', '10', 0.00, 2000.00, '1', '10', 35, 0.00, '2024-06-02 13:22:15', '2024-06-02 13:22:15'),
(386, '8995757020345', 'BUKU TULIS 38', '10', 1500.00, 2000.00, '1', '10', 13, 0.00, '2024-06-02 13:22:15', '2024-06-02 13:22:15'),
(387, '8991389260067', 'BUKU TULIS 50 LEMBAR', '10', 2000.00, 2500.00, '1', '10', 6, 0.00, '2024-06-02 13:22:15', '2024-06-02 13:22:15'),
(388, '8991389260081', 'BUKU TULIS 58 LEMBAR', '10', 3000.00, 3500.00, '1', '10', 34, 0.00, '2024-06-02 13:22:15', '2024-06-02 13:22:15'),
(389, '8991389220054', 'BUKU TULIS 58 SIDU', '10', 3500.00, 5000.00, '1', '10', 21, 0.00, '2024-06-02 13:22:15', '2024-06-02 13:22:15'),
(390, '8991389230008', 'BUKU TULIS BIG BOSS 42L', '10', 4416.00, 5500.00, '1', '10', 24, 0.00, '2024-06-02 13:22:15', '2024-06-02 13:22:15'),
(391, '8991389260050', 'BUKU TULIS DODO 38 L', '10', 2400.00, 3000.00, '1', '10', 20, 0.00, '2024-06-02 13:22:15', '2024-06-02 13:22:15'),
(392, '8995757060006', 'BUKU TULIS KIKY 58', '10', 4800.00, 6000.00, '1', '10', 10, 0.00, '2024-06-02 13:22:15', '2024-06-02 13:22:15'),
(393, '8995757003690', 'BUKU TULIS OKEY 38', '10', 2900.00, 3500.00, '1', '10', 33, 0.00, '2024-06-02 13:22:15', '2024-06-02 13:22:15'),
(394, '8991389220382', 'BUKU TULIS SIDU 38 WHEELS', '10', 3200.00, 4500.00, '1', '10', 28, 0.00, '2024-06-02 13:22:15', '2024-06-02 13:22:15'),
(395, '8991389220955', 'BUKU TULIS SIDU 58', '10', 3650.00, 5000.00, '1', '10', 32, 0.00, '2024-06-02 13:22:15', '2024-06-02 13:22:15'),
(396, '8995757023933', 'BUKU TULIS YOU! 38', '10', 2200.00, 2500.00, '1', '10', 6, 0.00, '2024-06-02 13:22:15', '2024-06-02 13:22:15');

-- --------------------------------------------------------

--
-- Struktur dari tabel `failed_jobs`
--

CREATE TABLE `failed_jobs` (
  `id` bigint(20) UNSIGNED NOT NULL,
  `uuid` varchar(255) NOT NULL,
  `connection` text NOT NULL,
  `queue` text NOT NULL,
  `payload` longtext NOT NULL,
  `exception` longtext NOT NULL,
  `failed_at` timestamp NOT NULL DEFAULT current_timestamp()
) ENGINE=InnoDB DEFAULT CHARSET=utf8mb4 COLLATE=utf8mb4_unicode_ci;

-- --------------------------------------------------------

--
-- Struktur dari tabel `grosirs`
--

CREATE TABLE `grosirs` (
  `id` bigint(20) UNSIGNED NOT NULL,
  `created_at` timestamp NULL DEFAULT NULL,
  `updated_at` timestamp NULL DEFAULT NULL
) ENGINE=InnoDB DEFAULT CHARSET=utf8mb4 COLLATE=utf8mb4_unicode_ci;

-- --------------------------------------------------------

--
-- Struktur dari tabel `kategoris`
--

CREATE TABLE `kategoris` (
  `id` bigint(20) UNSIGNED NOT NULL,
  `nama` varchar(255) NOT NULL,
  `created_at` timestamp NULL DEFAULT NULL,
  `updated_at` timestamp NULL DEFAULT NULL
) ENGINE=InnoDB DEFAULT CHARSET=utf8mb4 COLLATE=utf8mb4_unicode_ci;

--
-- Dumping data untuk tabel `kategoris`
--

INSERT INTO `kategoris` (`id`, `nama`, `created_at`, `updated_at`) VALUES
(1, 'Es Krim', '0000-00-00 00:00:00', '0000-00-00 00:00:00'),
(2, 'Wafer', '0000-00-00 00:00:00', '0000-00-00 00:00:00'),
(3, 'Snack', '0000-00-00 00:00:00', '0000-00-00 00:00:00'),
(4, 'Sembako', '0000-00-00 00:00:00', '0000-00-00 00:00:00'),
(5, 'Rokok', '0000-00-00 00:00:00', '0000-00-00 00:00:00'),
(6, 'yogurt', '0000-00-00 00:00:00', '0000-00-00 00:00:00'),
(7, 'Minuman', '0000-00-00 00:00:00', '0000-00-00 00:00:00'),
(8, 'HomeCare', '0000-00-00 00:00:00', '0000-00-00 00:00:00'),
(9, 'BodyCare', '0000-00-00 00:00:00', '0000-00-00 00:00:00'),
(10, 'ATK', '0000-00-00 00:00:00', '0000-00-00 00:00:00');

-- --------------------------------------------------------

--
-- Struktur dari tabel `migrations`
--

CREATE TABLE `migrations` (
  `id` int(10) UNSIGNED NOT NULL,
  `migration` varchar(255) NOT NULL,
  `batch` int(11) NOT NULL
) ENGINE=InnoDB DEFAULT CHARSET=utf8mb4 COLLATE=utf8mb4_unicode_ci;

--
-- Dumping data untuk tabel `migrations`
--

INSERT INTO `migrations` (`id`, `migration`, `batch`) VALUES
(68, '2014_10_12_000000_create_users_table', 1),
(69, '2014_10_12_100000_create_password_reset_tokens_table', 1),
(70, '2019_08_19_000000_create_failed_jobs_table', 1),
(71, '2019_12_14_000001_create_personal_access_tokens_table', 1),
(72, '2024_01_08_132653_create_kategoris_table', 1),
(73, '2024_01_08_132723_create_satuans_table', 1),
(74, '2024_01_08_132733_create_barangs_table', 1),
(75, '2024_01_12_125330_create_transaksis_table', 1),
(76, '2024_01_12_125358_create_transaksi_sementaras_table', 1),
(77, '2024_01_15_004113_create_transaksi_details_table', 1),
(78, '2024_04_01_175408_create_grosirs_table', 1),
(79, '2024_04_01_175417_create_suppliers_table', 1),
(80, '2024_04_28_195513_create_tambah_barangs_table', 1);

-- --------------------------------------------------------

--
-- Struktur dari tabel `password_reset_tokens`
--

CREATE TABLE `password_reset_tokens` (
  `email` varchar(255) NOT NULL,
  `token` varchar(255) NOT NULL,
  `created_at` timestamp NULL DEFAULT NULL
) ENGINE=InnoDB DEFAULT CHARSET=utf8mb4 COLLATE=utf8mb4_unicode_ci;

-- --------------------------------------------------------

--
-- Struktur dari tabel `personal_access_tokens`
--

CREATE TABLE `personal_access_tokens` (
  `id` bigint(20) UNSIGNED NOT NULL,
  `tokenable_type` varchar(255) NOT NULL,
  `tokenable_id` bigint(20) UNSIGNED NOT NULL,
  `name` varchar(255) NOT NULL,
  `token` varchar(64) NOT NULL,
  `abilities` text DEFAULT NULL,
  `last_used_at` timestamp NULL DEFAULT NULL,
  `expires_at` timestamp NULL DEFAULT NULL,
  `created_at` timestamp NULL DEFAULT NULL,
  `updated_at` timestamp NULL DEFAULT NULL
) ENGINE=InnoDB DEFAULT CHARSET=utf8mb4 COLLATE=utf8mb4_unicode_ci;

-- --------------------------------------------------------

--
-- Struktur dari tabel `satuans`
--

CREATE TABLE `satuans` (
  `id` bigint(20) UNSIGNED NOT NULL,
  `nama` varchar(255) NOT NULL,
  `created_at` timestamp NULL DEFAULT NULL,
  `updated_at` timestamp NULL DEFAULT NULL
) ENGINE=InnoDB DEFAULT CHARSET=utf8mb4 COLLATE=utf8mb4_unicode_ci;

--
-- Dumping data untuk tabel `satuans`
--

INSERT INTO `satuans` (`id`, `nama`, `created_at`, `updated_at`) VALUES
(1, 'Pcs', '0000-00-00 00:00:00', '0000-00-00 00:00:00'),
(2, 'Karung', '0000-00-00 00:00:00', '0000-00-00 00:00:00'),
(3, 'Dus', '0000-00-00 00:00:00', '0000-00-00 00:00:00'),
(4, 'Galon', '0000-00-00 00:00:00', '0000-00-00 00:00:00');

-- --------------------------------------------------------

--
-- Struktur dari tabel `suppliers`
--

CREATE TABLE `suppliers` (
  `id` bigint(20) UNSIGNED NOT NULL,
  `kode_supplier` varchar(255) NOT NULL,
  `nama` varchar(255) NOT NULL,
  `nohp` varchar(255) NOT NULL,
  `keterangan` varchar(255) NOT NULL,
  `created_at` timestamp NULL DEFAULT NULL,
  `updated_at` timestamp NULL DEFAULT NULL
) ENGINE=InnoDB DEFAULT CHARSET=utf8mb4 COLLATE=utf8mb4_unicode_ci;

--
-- Dumping data untuk tabel `suppliers`
--

INSERT INTO `suppliers` (`id`, `kode_supplier`, `nama`, `nohp`, `keterangan`, `created_at`, `updated_at`) VALUES
(1, '1', 'Unilever', '(0361) 952502', 'Supplier Walls', '0000-00-00 00:00:00', '0000-00-00 00:00:00'),
(2, '2', 'Bulan Bersinar Grosir', '82339639420', 'Grosir Snack dan Wafer', '0000-00-00 00:00:00', '0000-00-00 00:00:00'),
(3, '3', 'Bangkit Jaya Grosir', '0822 5456 1547', 'Grosir Sembako', '0000-00-00 00:00:00', '0000-00-00 00:00:00'),
(4, '4', 'Pt Sampoerna dan Grosir', '0852 2345 6578', 'Seles Rokok', '0000-00-00 00:00:00', '0000-00-00 00:00:00'),
(5, '5', 'Cimory Group', '0853 6578 9111', 'Seles Cimory', '0000-00-00 00:00:00', '0000-00-00 00:00:00'),
(6, '6', 'Aqua', '0822 4443 6545 2585', 'Seles Aqua', '0000-00-00 00:00:00', '0000-00-00 00:00:00'),
(7, '7', 'Grosir Bintang Asia', '0811 2233 4455', 'Grosir Minuman', '0000-00-00 00:00:00', '0000-00-00 00:00:00'),
(8, '8', 'Bir Bintang', '0898 9889 4532', 'Seles Bir', '0000-00-00 00:00:00', '0000-00-00 00:00:00'),
(9, '9', 'Sinar Mayuri', '0822 3355 4585', 'Seles Sabun dan Sampoo', '0000-00-00 00:00:00', '0000-00-00 00:00:00'),
(10, '10', 'Sumber Grosir ATK', '0812 3374 5655', 'Grosir Alat Tulis', '0000-00-00 00:00:00', '0000-00-00 00:00:00');

-- --------------------------------------------------------

--
-- Struktur dari tabel `tambah_barangs`
--

CREATE TABLE `tambah_barangs` (
  `id` bigint(20) UNSIGNED NOT NULL,
  `kodepembelian` varchar(255) NOT NULL,
  `supplier_id` varchar(255) NOT NULL,
  `barang_id` varchar(255) NOT NULL,
  `totalpembelian` int(11) NOT NULL,
  `created_at` timestamp NULL DEFAULT NULL,
  `updated_at` timestamp NULL DEFAULT NULL
) ENGINE=InnoDB DEFAULT CHARSET=utf8mb4 COLLATE=utf8mb4_unicode_ci;

-- --------------------------------------------------------

--
-- Struktur dari tabel `transaksis`
--

CREATE TABLE `transaksis` (
  `id` bigint(20) UNSIGNED NOT NULL,
  `kode_transaksi` varchar(255) NOT NULL,
  `total` double(8,2) NOT NULL,
  `bayar` double(8,2) NOT NULL,
  `kembali` double(8,2) NOT NULL,
  `kode_kasir` varchar(255) NOT NULL,
  `tanggal` datetime NOT NULL,
  `created_at` timestamp NULL DEFAULT NULL,
  `updated_at` timestamp NULL DEFAULT NULL
) ENGINE=InnoDB DEFAULT CHARSET=utf8mb4 COLLATE=utf8mb4_unicode_ci;

--
-- Dumping data untuk tabel `transaksis`
--

INSERT INTO `transaksis` (`id`, `kode_transaksi`, `total`, `bayar`, `kembali`, `kode_kasir`, `tanggal`, `created_at`, `updated_at`) VALUES
(1, '2024610000001', 14500.00, 14500.00, 0.00, 'K-100003', '2024-06-27 06:47:04', '2024-06-26 21:47:04', '2024-06-26 21:47:04');

-- --------------------------------------------------------

--
-- Struktur dari tabel `transaksi_details`
--

CREATE TABLE `transaksi_details` (
  `id` bigint(20) UNSIGNED NOT NULL,
  `kode_transaksi` varchar(255) NOT NULL,
  `barang` varchar(255) NOT NULL,
  `harga` double(8,2) NOT NULL,
  `jumlah` int(11) NOT NULL,
  `diskon` double(8,2) NOT NULL,
  `total` double(8,2) NOT NULL,
  `created_at` timestamp NULL DEFAULT NULL,
  `updated_at` timestamp NULL DEFAULT NULL
) ENGINE=InnoDB DEFAULT CHARSET=utf8mb4 COLLATE=utf8mb4_unicode_ci;

--
-- Dumping data untuk tabel `transaksi_details`
--

INSERT INTO `transaksi_details` (`id`, `kode_transaksi`, `barang`, `harga`, `jumlah`, `diskon`, `total`, `created_at`, `updated_at`) VALUES
(1, '2024610000001', 'FEAST DOUBLE VANILA COKLAT', 6000.00, 2, 0.00, 12000.00, '2024-06-26 21:47:04', '2024-06-26 21:47:04'),
(2, '2024610000001', 'CORNETTO MINI', 2500.00, 1, 0.00, 2500.00, '2024-06-26 21:47:04', '2024-06-26 21:47:04');

-- --------------------------------------------------------

--
-- Struktur dari tabel `transaksi_sementaras`
--

CREATE TABLE `transaksi_sementaras` (
  `id` bigint(20) UNSIGNED NOT NULL,
  `kode_transaksi` varchar(255) NOT NULL,
  `barang_id` int(11) NOT NULL,
  `harga` double(8,2) NOT NULL,
  `jumlah` int(11) NOT NULL,
  `diskon` double(8,2) NOT NULL,
  `total` double(8,2) NOT NULL,
  `created_at` timestamp NULL DEFAULT NULL,
  `updated_at` timestamp NULL DEFAULT NULL
) ENGINE=InnoDB DEFAULT CHARSET=utf8mb4 COLLATE=utf8mb4_unicode_ci;

-- --------------------------------------------------------

--
-- Struktur dari tabel `users`
--

CREATE TABLE `users` (
  `id` bigint(20) UNSIGNED NOT NULL,
  `kode` varchar(255) NOT NULL,
  `nama` varchar(255) NOT NULL,
  `foto` varchar(255) DEFAULT NULL,
  `email` varchar(255) NOT NULL,
  `email_verified_at` timestamp NULL DEFAULT NULL,
  `password` varchar(255) NOT NULL,
  `level` varchar(255) NOT NULL,
  `remember_token` varchar(100) DEFAULT NULL,
  `created_at` timestamp NULL DEFAULT NULL,
  `updated_at` timestamp NULL DEFAULT NULL
) ENGINE=InnoDB DEFAULT CHARSET=utf8mb4 COLLATE=utf8mb4_unicode_ci;

--
-- Dumping data untuk tabel `users`
--

INSERT INTO `users` (`id`, `kode`, `nama`, `foto`, `email`, `email_verified_at`, `password`, `level`, `remember_token`, `created_at`, `updated_at`) VALUES
(1, 'K-100001', 'Admin', NULL, 'admin@gmail.com', NULL, '$2y$12$eIiNgQFtVJT9TTOEbEWXcekamQOzwZkO0d6JIih/t2X0YcWAs3gGa', 'admin', NULL, '2024-06-26 21:33:44', '2024-06-26 21:33:44'),
(2, 'K-100002', 'Kasir', NULL, 'kasir@gmail.com', NULL, '$2y$12$AqQXfus6nqR690gLpLWKmeOuCfUvW95c/1alb/NlQPwungYg/aNlC', 'kasir', NULL, '2024-06-26 21:33:44', '2024-06-26 21:33:44'),
(3, 'K-100003', 'Henry', NULL, 'henry@gmail.com', NULL, '$2y$12$L5I8h3i7Rmkzv.Hp5uCKMuJwD4nsRD2tG/IixO1gn/7dJlag.Vpp.', 'admin', NULL, '2024-06-26 21:33:45', '2024-06-26 21:33:45');

--
-- Indexes for dumped tables
--

--
-- Indeks untuk tabel `barangs`
--
ALTER TABLE `barangs`
  ADD PRIMARY KEY (`id`);

--
-- Indeks untuk tabel `failed_jobs`
--
ALTER TABLE `failed_jobs`
  ADD PRIMARY KEY (`id`),
  ADD UNIQUE KEY `failed_jobs_uuid_unique` (`uuid`);

--
-- Indeks untuk tabel `grosirs`
--
ALTER TABLE `grosirs`
  ADD PRIMARY KEY (`id`);

--
-- Indeks untuk tabel `kategoris`
--
ALTER TABLE `kategoris`
  ADD PRIMARY KEY (`id`);

--
-- Indeks untuk tabel `migrations`
--
ALTER TABLE `migrations`
  ADD PRIMARY KEY (`id`);

--
-- Indeks untuk tabel `password_reset_tokens`
--
ALTER TABLE `password_reset_tokens`
  ADD PRIMARY KEY (`email`);

--
-- Indeks untuk tabel `personal_access_tokens`
--
ALTER TABLE `personal_access_tokens`
  ADD PRIMARY KEY (`id`),
  ADD UNIQUE KEY `personal_access_tokens_token_unique` (`token`),
  ADD KEY `personal_access_tokens_tokenable_type_tokenable_id_index` (`tokenable_type`,`tokenable_id`);

--
-- Indeks untuk tabel `satuans`
--
ALTER TABLE `satuans`
  ADD PRIMARY KEY (`id`);

--
-- Indeks untuk tabel `suppliers`
--
ALTER TABLE `suppliers`
  ADD PRIMARY KEY (`id`);

--
-- Indeks untuk tabel `tambah_barangs`
--
ALTER TABLE `tambah_barangs`
  ADD PRIMARY KEY (`id`);

--
-- Indeks untuk tabel `transaksis`
--
ALTER TABLE `transaksis`
  ADD PRIMARY KEY (`id`);

--
-- Indeks untuk tabel `transaksi_details`
--
ALTER TABLE `transaksi_details`
  ADD PRIMARY KEY (`id`);

--
-- Indeks untuk tabel `transaksi_sementaras`
--
ALTER TABLE `transaksi_sementaras`
  ADD PRIMARY KEY (`id`);

--
-- Indeks untuk tabel `users`
--
ALTER TABLE `users`
  ADD PRIMARY KEY (`id`),
  ADD UNIQUE KEY `users_email_unique` (`email`);

--
-- AUTO_INCREMENT untuk tabel yang dibuang
--

--
-- AUTO_INCREMENT untuk tabel `barangs`
--
ALTER TABLE `barangs`
  MODIFY `id` bigint(20) UNSIGNED NOT NULL AUTO_INCREMENT, AUTO_INCREMENT=397;

--
-- AUTO_INCREMENT untuk tabel `failed_jobs`
--
ALTER TABLE `failed_jobs`
  MODIFY `id` bigint(20) UNSIGNED NOT NULL AUTO_INCREMENT;

--
-- AUTO_INCREMENT untuk tabel `grosirs`
--
ALTER TABLE `grosirs`
  MODIFY `id` bigint(20) UNSIGNED NOT NULL AUTO_INCREMENT;

--
-- AUTO_INCREMENT untuk tabel `kategoris`
--
ALTER TABLE `kategoris`
  MODIFY `id` bigint(20) UNSIGNED NOT NULL AUTO_INCREMENT, AUTO_INCREMENT=11;

--
-- AUTO_INCREMENT untuk tabel `migrations`
--
ALTER TABLE `migrations`
  MODIFY `id` int(10) UNSIGNED NOT NULL AUTO_INCREMENT, AUTO_INCREMENT=81;

--
-- AUTO_INCREMENT untuk tabel `personal_access_tokens`
--
ALTER TABLE `personal_access_tokens`
  MODIFY `id` bigint(20) UNSIGNED NOT NULL AUTO_INCREMENT;

--
-- AUTO_INCREMENT untuk tabel `satuans`
--
ALTER TABLE `satuans`
  MODIFY `id` bigint(20) UNSIGNED NOT NULL AUTO_INCREMENT, AUTO_INCREMENT=5;

--
-- AUTO_INCREMENT untuk tabel `suppliers`
--
ALTER TABLE `suppliers`
  MODIFY `id` bigint(20) UNSIGNED NOT NULL AUTO_INCREMENT, AUTO_INCREMENT=11;

--
-- AUTO_INCREMENT untuk tabel `tambah_barangs`
--
ALTER TABLE `tambah_barangs`
  MODIFY `id` bigint(20) UNSIGNED NOT NULL AUTO_INCREMENT;

--
-- AUTO_INCREMENT untuk tabel `transaksis`
--
ALTER TABLE `transaksis`
  MODIFY `id` bigint(20) UNSIGNED NOT NULL AUTO_INCREMENT, AUTO_INCREMENT=2;

--
-- AUTO_INCREMENT untuk tabel `transaksi_details`
--
ALTER TABLE `transaksi_details`
  MODIFY `id` bigint(20) UNSIGNED NOT NULL AUTO_INCREMENT, AUTO_INCREMENT=3;

--
-- AUTO_INCREMENT untuk tabel `transaksi_sementaras`
--
ALTER TABLE `transaksi_sementaras`
  MODIFY `id` bigint(20) UNSIGNED NOT NULL AUTO_INCREMENT;

--
-- AUTO_INCREMENT untuk tabel `users`
--
ALTER TABLE `users`
  MODIFY `id` bigint(20) UNSIGNED NOT NULL AUTO_INCREMENT, AUTO_INCREMENT=4;
COMMIT;

/*!40101 SET CHARACTER_SET_CLIENT=@OLD_CHARACTER_SET_CLIENT */;
/*!40101 SET CHARACTER_SET_RESULTS=@OLD_CHARACTER_SET_RESULTS */;
/*!40101 SET COLLATION_CONNECTION=@OLD_COLLATION_CONNECTION */;
